IC,ICw,DC,DCw,BTB,BHT,RAS,SoC_Total_LUT,Uncore_LUT,S1_Fetch_LUT,S2_Decode_LUT,S3_Issue_Net_LUT,S4_Execute_Net_LUT,S5_Memory_Total_LUT,S6_Commit_LUT,Sum_Stages_LUT,Remainder_LUT,SoC_Total_FF,Uncore_FF,S1_Fetch_FF,S2_Decode_FF,S3_Issue_Net_FF,S4_Execute_Net_FF,S5_Memory_Total_FF,S6_Commit_FF,Sum_Stages_FF,Remainder_FF,SoC_Total_BRAM,Uncore_BRAM,S1_Fetch_BRAM,S2_Decode_BRAM,S3_Issue_Net_BRAM,S4_Execute_Net_BRAM,S5_Memory_Total_BRAM,S6_Commit_BRAM,Sum_Stages_BRAM,Remainder_BRAM,SoC_Total_DSP,Uncore_DSP,S1_Fetch_DSP,S2_Decode_DSP,S3_Issue_Net_DSP,S4_Execute_Net_DSP,S5_Memory_Total_DSP,S6_Commit_DSP,Sum_Stages_DSP,Remainder_DSP
2k,4w,4k,4w,16,16,2,47695,5155,2785,671,11229,10492,12060,2781,40018,2522,22320,4921,845,370,3354,2368,5514,2864,15315,2084,28,4,12,0,0,0,12,0,24,0,27,0,0,0,0,27,0,0,27,0
2k,4w,2k,4w,16,16,2,47714,5161,2781,673,11228,10490,12074,2782,40028,2525,22317,4921,845,370,3354,2368,5512,2864,15313,2083,28,4,12,0,0,0,12,0,24,0,27,0,0,0,0,27,0,0,27,0
4k,4w,128k,4w,16,16,2,47762,5159,2784,673,11230,10484,12101,2780,40052,2551,22336,4921,845,370,3355,2368,5524,2865,15327,2088,60,4,12,0,0,0,44,0,56,0,27,0,0,0,0,27,0,0,27,0
4k,4w,16k,4w,16,16,2,47723,5162,2784,671,11229,10486,12100,2780,40050,2511,22325,4921,845,370,3353,2368,5518,2863,15317,2087,28,4,12,0,0,0,12,0,24,0,27,0,0,0,0,27,0,0,27,0
4k,4w,128,4w,16,16,2,48401,5163,2784,673,11234,10480,12769,2783,40723,2515,23025,4921,845,370,3354,2368,6224,2863,16024,2080,16,4,12,0,0,0,12,0,24,-12,27,0,0,0,0,27,0,0,27,0
4k,2w,4k,2w,16,16,2,47255,5158,2685,672,11234,10484,11973,2783,39831,2266,22298,4921,843,370,3355,2368,5492,2865,15293,2084,16,4,6,0,0,0,6,0,12,0,27,0,0,0,0,27,0,0,27,0
4k,1w,4k,1w,16,16,2,46843,5158,2562,677,11156,10232,11872,2652,39151,2534,22293,4921,842,370,3356,2373,5483,2865,15289,2083,10,4,3,0,0,0,3,0,6,0,27,0,0,0,0,27,0,0,27,0
4k,16w,4k,16w,16,16,2,50890,5156,3307,671,11226,10483,14555,2787,43029,2705,22467,4921,863,370,3353,2368,5646,2863,15463,2083,100,4,48,0,0,0,48,0,96,0,27,0,0,0,0,27,0,0,27,0
4k,4w,1k,4w,16,16,2,47686,5157,2782,673,11229,10484,12063,2784,40015,2514,22313,4921,845,370,3353,2368,5510,2863,15309,2083,28,4,12,0,0,0,12,0,24,0,27,0,0,0,0,27,0,0,27,0
4k,4w,4k,4w,16384,16,2,47635,5158,2693,675,11282,10477,12051,2783,39961,2516,22216,4921,741,370,3354,2368,5514,2863,15210,2085,60,4,44,0,0,0,12,0,56,0,27,0,0,0,0,27,0,0,27,0
4k,4w,4k,4w,128,16,2,47600,5153,2695,673,11240,10487,12056,2783,39934,2513,22190,4921,715,370,3353,2368,5514,2863,15183,2086,30,4,14,0,0,0,12,0,26,0,27,0,0,0,0,27,0,0,27,0
4k,4w,4k,4w,1024,16,2,47606,5159,2693,674,11239,10485,12054,2784,39929,2518,22190,4921,715,370,3353,2368,5514,2863,15183,2086,30,4,14,0,0,0,12,0,26,0,27,0,0,0,0,27,0,0,27,0
4k,4w,32k,4w,16,16,2,47722,5156,2782,672,11227,10487,12085,2783,40036,2530,22328,4921,845,370,3353,2368,5520,2863,15319,2088,28,4,12,0,0,0,12,0,24,0,27,0,0,0,0,27,0,0,27,0
4k,4w,2k,4w,16,16,2,47708,5155,2781,671,11235,10488,12079,2782,40036,2517,22316,4921,845,370,3353,2368,5512,2863,15311,2084,28,4,12,0,0,0,12,0,24,0,27,0,0,0,0,27,0,0,27,0
4k,4w,256k,4w,16,16,2,48199,5157,2781,673,11227,10490,12548,2785,40504,2538,22339,4921,845,370,3355,2368,5526,2865,15329,2089,104,4,12,0,0,0,88,0,100,0,27,0,0,0,0,27,0,0,27,0
4k,4w,256,4w,16,16,2,48433,5158,2780,673,11235,10490,12797,2786,40761,2514,23025,4921,845,370,3355,2368,6222,2865,16025,2079,16,4,12,0,0,0,12,0,24,-12,27,0,0,0,0,27,0,0,27,0
4k,4w,4k,4w,16,128,2,47682,5159,2783,673,11237,10480,12052,2783,40008,2515,22319,4921,845,370,3353,2368,5514,2863,15313,2085,28,4,12,0,0,0,12,0,24,0,27,0,0,0,0,27,0,0,27,0
4k,4w,4k,4w,16,16384,2,50379,5155,5087,674,11639,10480,12053,2787,42720,2504,22322,4921,843,370,3358,2368,5514,2865,15318,2083,28,4,12,0,0,0,12,0,24,0,27,0,0,0,0,27,0,0,27,0
4k,4w,4k,4w,16,16,2,47683,5159,2782,673,11230,10484,12058,2782,40009,2515,22319,4921,845,370,3353,2368,5514,2863,15313,2085,28,4,12,0,0,0,12,0,24,0,27,0,0,0,0,27,0,0,27,0
4k,4w,4k,4w,16,2048,2,48022,5161,3065,672,11276,10486,12057,2783,40339,2522,22319,4921,845,370,3353,2368,5514,2863,15313,2085,28,4,12,0,0,0,12,0,24,0,27,0,0,0,0,27,0,0,27,0
4k,4w,4k,4w,16,256,2,47719,5161,2808,673,11238,10488,12056,2782,40045,2513,22321,4921,845,370,3355,2368,5514,2864,15316,2084,28,4,12,0,0,0,12,0,24,0,27,0,0,0,0,27,0,0,27,0
4k,4w,4k,4w,16,32,2,47691,5156,2781,671,11233,10493,12061,2783,40022,2513,22319,4921,845,370,3353,2368,5514,2863,15313,2085,28,4,12,0,0,0,12,0,24,0,27,0,0,0,0,27,0,0,27,0
4k,4w,4k,4w,16,4096,2,48363,5157,3365,673,11323,10487,12059,2781,40688,2518,22319,4921,845,370,3353,2368,5514,2863,15313,2085,28,4,12,0,0,0,12,0,24,0,27,0,0,0,0,27,0,0,27,0
4k,4w,4k,4w,16,1024,2,47808,5159,2890,673,11243,10486,12061,2779,40132,2517,22319,4921,845,370,3353,2368,5514,2863,15313,2085,28,4,12,0,0,0,12,0,24,0,27,0,0,0,0,27,0,0,27,0
4k,4w,4k,4w,16,512,2,47729,5157,2816,672,11245,10484,12065,2782,40064,2508,22319,4921,845,370,3353,2368,5514,2863,15313,2085,28,4,12,0,0,0,12,0,24,0,27,0,0,0,0,27,0,0,27,0
4k,4w,4k,4w,4096,16,2,47594,5155,2692,673,11238,10484,12052,2783,39922,2517,22189,4921,715,370,3353,2368,5514,2863,15183,2085,36,4,20,0,0,0,12,0,32,0,27,0,0,0,0,27,0,0,27,0
4k,4w,4k,4w,32,16,2,47581,5156,2690,672,11232,10483,12051,2782,39910,2515,22190,4921,715,370,3353,2368,5514,2863,15183,2086,30,4,14,0,0,0,12,0,26,0,27,0,0,0,0,27,0,0,27,0
4k,4w,4k,4w,32768,16,2,47935,5158,2695,672,11578,10488,12048,2785,40266,2511,22240,4921,766,370,3353,2368,5514,2863,15234,2085,92,4,76,0,0,0,12,0,88,0,27,0,0,0,0,27,0,0,27,0
4k,4w,4k,4w,256,16,2,47597,5158,2693,671,11237,10484,12056,2783,39924,2515,22190,4921,715,370,3353,2368,5514,2863,15183,2086,30,4,14,0,0,0,12,0,26,0,27,0,0,0,0,27,0,0,27,0
4k,4w,4k,4w,2048,16,2,47595,5160,2694,671,11241,10480,12052,2782,39920,2515,22189,4921,715,370,3353,2368,5514,2863,15183,2085,32,4,16,0,0,0,12,0,28,0,27,0,0,0,0,27,0,0,27,0
4k,4w,4k,4w,16,8192,2,48994,5154,3943,674,11398,10485,12044,2782,41326,2514,22320,4921,845,370,3354,2368,5514,2863,15314,2085,28,4,12,0,0,0,12,0,24,0,27,0,0,0,0,27,0,0,27,0
4k,4w,4k,4w,16,64,2,47678,5159,2784,673,11232,10483,12056,2780,40008,2511,22319,4921,845,370,3353,2368,5514,2863,15313,2085,28,4,12,0,0,0,12,0,24,0,27,0,0,0,0,27,0,0,27,0
4k,4w,4k,4w,64,16,2,47598,5163,2693,674,11230,10486,12057,2781,39921,2514,22190,4921,715,370,3353,2368,5514,2863,15183,2086,30,4,14,0,0,0,12,0,26,0,27,0,0,0,0,27,0,0,27,0
4k,4w,4k,4w,8192,16,2,47612,5161,2694,673,11246,10485,12054,2781,39933,2518,22189,4921,715,370,3353,2368,5514,2863,15183,2085,42,4,26,0,0,0,12,0,38,0,27,0,0,0,0,27,0,0,27,0
4k,4w,4k,4w,8,16,2,47690,5154,2781,673,11234,10494,12051,2784,40017,2519,22319,4921,845,370,3353,2368,5514,2863,15313,2085,28,4,12,0,0,0,12,0,24,0,27,0,0,0,0,27,0,0,27,0
4k,4w,512,4w,16,16,2,48400,5159,2783,672,11224,10489,12767,2778,40713,2528,23022,4921,845,370,3353,2368,6220,2863,16019,2082,16,4,12,0,0,0,12,0,24,-12,27,0,0,0,0,27,0,0,27,0
4k,4w,64k,4w,16,16,2,47743,5161,2783,672,11237,10486,12104,2782,40064,2518,22331,4921,845,370,3353,2368,5522,2863,15321,2089,40,4,12,0,0,0,24,0,36,0,27,0,0,0,0,27,0,0,27,0
4k,4w,8k,4w,16,16,2,47705,5163,2784,673,11233,10487,12063,2785,40025,2517,22325,4921,845,370,3356,2368,5516,2865,15320,2084,28,4,12,0,0,0,12,0,24,0,27,0,0,0,0,27,0,0,27,0
4k,8w,4k,8w,16,16,2,48535,5149,3084,674,11236,10493,12449,2791,40727,2659,22370,4921,851,370,3356,2368,5557,2865,15367,2082,52,4,24,0,0,0,24,0,48,0,27,0,0,0,0,27,0,0,27,0
4k,4w,4k,4w,512,16,2,47594,5155,2693,673,11235,10489,12048,2781,39919,2520,22190,4921,715,370,3353,2368,5514,2863,15183,2086,30,4,14,0,0,0,12,0,26,0,27,0,0,0,0,27,0,0,27,0
8k,4w,8k,4w,16,16,2,47687,5154,2779,671,11228,10487,12062,2781,40008,2525,22322,4921,845,370,3353,2368,5516,2863,15315,2086,28,4,12,0,0,0,12,0,24,0,27,0,0,0,0,27,0,0,27,0
8k,4w,4k,4w,16,16,2,47665,5158,2776,673,11232,10484,12048,2782,39995,2512,22320,4921,845,370,3354,2368,5514,2864,15315,2084,28,4,12,0,0,0,12,0,24,0,27,0,0,0,0,27,0,0,27,0
16k,4w,4k,4w,16,16,2,47687,5154,2777,673,11229,10489,12063,2783,40014,2519,22321,4921,845,370,3355,2368,5514,2865,15317,2083,28,4,12,0,0,0,12,0,24,0,27,0,0,0,0,27,0,0,27,0
16k,4w,16k,4w,16,16,2,47730,5155,2779,673,11232,10486,12110,2781,40061,2514,22327,4921,845,370,3355,2368,5518,2865,15321,2085,28,4,12,0,0,0,12,0,24,0,27,0,0,0,0,27,0,0,27,0
32k,4w,32k,4w,16,16,2,47736,5163,2789,672,11233,10484,12082,2781,40041,2532,22328,4921,845,370,3353,2368,5520,2863,15319,2088,28,4,12,0,0,0,12,0,24,0,27,0,0,0,0,27,0,0,27,0
32k,4w,4k,4w,16,16,2,47683,5160,2790,673,11226,10485,12054,2780,40008,2515,22319,4921,845,370,3353,2368,5514,2863,15313,2085,28,4,12,0,0,0,12,0,24,0,27,0,0,0,0,27,0,0,27,0
64k,4w,64k,4w,16,16,2,47772,5158,2826,672,11234,10482,12098,2785,40097,2517,22331,4921,845,370,3353,2368,5522,2863,15321,2089,52,4,24,0,0,0,24,0,48,0,27,0,0,0,0,27,0,0,27,0
64k,4w,4k,4w,16,16,2,47724,5160,2824,671,11231,10488,12052,2783,40049,2515,22321,4921,845,370,3355,2368,5514,2865,15317,2083,40,4,24,0,0,0,12,0,36,0,27,0,0,0,0,27,0,0,27,0
128k,4w,4k,4w,16,16,2,47873,5159,2971,673,11235,10488,12052,2787,40206,2508,22321,4921,845,370,3355,2368,5514,2865,15317,2083,60,4,44,0,0,0,12,0,56,0,27,0,0,0,0,27,0,0,27,0
128k,4w,128k,4w,16,16,2,47952,5159,2974,672,11234,10488,12087,2785,40240,2553,22334,4921,845,370,3353,2368,5524,2863,15323,2090,92,4,44,0,0,0,44,0,88,0,27,0,0,0,0,27,0,0,27,0
256k,4w,4k,4w,16,16,2,48276,5161,3395,673,11221,10487,12036,2780,40592,2523,22320,4921,845,370,3354,2368,5514,2864,15315,2084,104,4,88,0,0,0,12,0,100,0,27,0,0,0,0,27,0,0,27,0
