IC,ICw,DC,DCw,BTB,BHT,RAS,SoC_Total_LUT,CPU_Core_LUT,Northbridge_LUT,Peripherals_Subsystem_LUT,SPI_Controller_LUT,UART_LUT,Memory_Interconnect_LUT,CLINT_LUT,BootROM_LUT,Uncore_Total_LUT,Glue_Logic_LUT,SoC_Total_FF,CPU_Core_FF,Northbridge_FF,Peripherals_Subsystem_FF,SPI_Controller_FF,UART_FF,Memory_Interconnect_FF,CLINT_FF,BootROM_FF,Uncore_Total_FF,Glue_Logic_FF,SoC_Total_BRAM,CPU_Core_BRAM,Northbridge_BRAM,Peripherals_Subsystem_BRAM,SPI_Controller_BRAM,UART_BRAM,Memory_Interconnect_BRAM,CLINT_BRAM,BootROM_BRAM,Uncore_Total_BRAM,Glue_Logic_BRAM,SoC_Total_DSP,CPU_Core_DSP,Northbridge_DSP,Peripherals_Subsystem_DSP,SPI_Controller_DSP,UART_DSP,Memory_Interconnect_DSP,CLINT_DSP,BootROM_DSP,Uncore_Total_DSP,Glue_Logic_DSP
2k,4w,4k,4w,16,16,2,47695,40018,3641,1875,560,345,361,183,65,7030,647,22320,15315,3340,1516,683,305,432,151,10,6437,568,28,24,2,0,0,0,0,0,2,4,0,27,27,0,0,0,0,0,0,0,0,0
2k,4w,2k,4w,16,16,2,47714,40028,3644,1868,561,346,362,183,65,7029,657,22317,15313,3340,1516,683,305,432,151,10,6437,567,28,24,2,0,0,0,0,0,2,4,0,27,27,0,0,0,0,0,0,0,0,0
4k,4w,128k,4w,16,16,2,47762,40052,3642,1869,560,346,363,183,65,7028,682,22336,15327,3340,1516,683,305,432,151,10,6437,572,60,56,2,0,0,0,0,0,2,4,0,27,27,0,0,0,0,0,0,0,0,0
4k,4w,16k,4w,16,16,2,47723,40050,3646,1868,561,346,361,183,65,7030,643,22325,15317,3340,1516,683,305,432,151,10,6437,571,28,24,2,0,0,0,0,0,2,4,0,27,27,0,0,0,0,0,0,0,0,0
4k,4w,128,4w,16,16,2,48401,40723,3645,1865,561,346,363,183,65,7028,650,23025,16024,3340,1516,683,305,432,151,10,6437,564,16,24,2,0,0,0,0,0,2,4,-12,27,27,0,0,0,0,0,0,0,0,0
4k,2w,4k,2w,16,16,2,47255,39831,3641,1872,560,346,363,183,65,7030,394,22298,15293,3340,1516,683,305,432,151,10,6437,568,16,12,2,0,0,0,0,0,2,4,0,27,27,0,0,0,0,0,0,0,0,0
4k,1w,4k,1w,16,16,2,46843,39151,3642,1871,560,346,362,183,65,7029,663,22293,15289,3340,1516,683,305,432,151,10,6437,567,10,6,2,0,0,0,0,0,2,4,0,27,27,0,0,0,0,0,0,0,0,0
4k,16w,4k,16w,16,16,2,50890,43029,3640,1868,560,346,362,183,65,7024,837,22467,15463,3340,1516,683,305,432,151,10,6437,567,100,96,2,0,0,0,0,0,2,4,0,27,27,0,0,0,0,0,0,0,0,0
4k,4w,1k,4w,16,16,2,47686,40015,3640,1868,560,346,363,183,65,7025,646,22313,15309,3340,1516,683,305,432,151,10,6437,567,28,24,2,0,0,0,0,0,2,4,0,27,27,0,0,0,0,0,0,0,0,0
4k,4w,4k,4w,16384,16,2,47635,39961,3642,1874,561,346,361,183,65,7032,642,22216,15210,3340,1516,683,305,432,151,10,6437,569,60,56,2,0,0,0,0,0,2,4,0,27,27,0,0,0,0,0,0,0,0,0
4k,4w,4k,4w,128,16,2,47600,39934,3638,1868,560,346,361,183,65,7021,645,22190,15183,3340,1516,683,305,432,151,10,6437,570,30,26,2,0,0,0,0,0,2,4,0,27,27,0,0,0,0,0,0,0,0,0
4k,4w,4k,4w,1024,16,2,47606,39929,3644,1867,559,346,362,183,65,7026,651,22190,15183,3340,1516,683,305,432,151,10,6437,570,30,26,2,0,0,0,0,0,2,4,0,27,27,0,0,0,0,0,0,0,0,0
4k,4w,32k,4w,16,16,2,47722,40036,3639,1871,561,346,362,183,65,7027,659,22328,15319,3340,1516,683,305,432,151,10,6437,572,28,24,2,0,0,0,0,0,2,4,0,27,27,0,0,0,0,0,0,0,0,0
4k,4w,2k,4w,16,16,2,47708,40036,3640,1868,559,346,362,183,65,7023,649,22316,15311,3340,1516,683,305,432,151,10,6437,568,28,24,2,0,0,0,0,0,2,4,0,27,27,0,0,0,0,0,0,0,0,0
4k,4w,256k,4w,16,16,2,48199,40504,3641,1870,559,346,363,183,65,7027,668,22339,15329,3340,1516,683,305,432,151,10,6437,573,104,100,2,0,0,0,0,0,2,4,0,27,27,0,0,0,0,0,0,0,0,0
4k,4w,256,4w,16,16,2,48433,40761,3644,1872,559,346,361,183,65,7030,642,23025,16025,3340,1516,683,305,432,151,10,6437,563,16,24,2,0,0,0,0,0,2,4,-12,27,27,0,0,0,0,0,0,0,0,0
4k,4w,4k,4w,16,128,2,47682,40008,3641,1871,561,346,363,183,65,7030,644,22319,15313,3340,1516,683,305,432,151,10,6437,569,28,24,2,0,0,0,0,0,2,4,0,27,27,0,0,0,0,0,0,0,0,0
4k,4w,4k,4w,16,16384,2,50379,42720,3641,1870,558,346,362,183,65,7025,634,22322,15318,3340,1516,683,305,432,151,10,6437,567,28,24,2,0,0,0,0,0,2,4,0,27,27,0,0,0,0,0,0,0,0,0
4k,4w,4k,4w,16,16,2,47683,40009,3643,1866,560,346,362,183,65,7025,649,22319,15313,3340,1516,683,305,432,151,10,6437,569,28,24,2,0,0,0,0,0,2,4,0,27,27,0,0,0,0,0,0,0,0,0
4k,4w,4k,4w,16,2048,2,48022,40339,3644,1873,561,346,362,183,65,7034,649,22319,15313,3340,1516,683,305,432,151,10,6437,569,28,24,2,0,0,0,0,0,2,4,0,27,27,0,0,0,0,0,0,0,0,0
4k,4w,4k,4w,16,256,2,47719,40045,3645,1865,560,346,362,183,65,7026,648,22321,15316,3340,1516,683,305,432,151,10,6437,568,28,24,2,0,0,0,0,0,2,4,0,27,27,0,0,0,0,0,0,0,0,0
4k,4w,4k,4w,16,32,2,47691,40022,3639,1872,561,345,363,183,65,7028,641,22319,15313,3340,1516,683,305,432,151,10,6437,569,28,24,2,0,0,0,0,0,2,4,0,27,27,0,0,0,0,0,0,0,0,0
4k,4w,4k,4w,16,4096,2,48363,40688,3640,1876,560,346,363,183,65,7033,642,22319,15313,3340,1516,683,305,432,151,10,6437,569,28,24,2,0,0,0,0,0,2,4,0,27,27,0,0,0,0,0,0,0,0,0
4k,4w,4k,4w,16,1024,2,47808,40132,3641,1874,562,345,363,183,65,7033,643,22319,15313,3340,1516,683,305,432,151,10,6437,569,28,24,2,0,0,0,0,0,2,4,0,27,27,0,0,0,0,0,0,0,0,0
4k,4w,4k,4w,16,512,2,47729,40064,3639,1868,560,346,364,183,65,7025,640,22319,15313,3340,1516,683,305,432,151,10,6437,569,28,24,2,0,0,0,0,0,2,4,0,27,27,0,0,0,0,0,0,0,0,0
4k,4w,4k,4w,4096,16,2,47594,39922,3641,1867,558,346,362,183,65,7022,650,22189,15183,3340,1516,683,305,432,151,10,6437,569,36,32,2,0,0,0,0,0,2,4,0,27,27,0,0,0,0,0,0,0,0,0
4k,4w,4k,4w,32,16,2,47581,39910,3637,1871,562,346,363,183,65,7027,644,22190,15183,3340,1516,683,305,432,151,10,6437,570,30,26,2,0,0,0,0,0,2,4,0,27,27,0,0,0,0,0,0,0,0,0
4k,4w,4k,4w,32768,16,2,47935,40266,3640,1867,561,346,363,183,65,7025,644,22240,15234,3340,1516,683,305,432,151,10,6437,569,92,88,2,0,0,0,0,0,2,4,0,27,27,0,0,0,0,0,0,0,0,0
4k,4w,4k,4w,256,16,2,47597,39924,3642,1873,560,346,362,183,65,7031,642,22190,15183,3340,1516,683,305,432,151,10,6437,570,30,26,2,0,0,0,0,0,2,4,0,27,27,0,0,0,0,0,0,0,0,0
4k,4w,4k,4w,2048,16,2,47595,39920,3643,1870,561,346,362,183,65,7030,645,22189,15183,3340,1516,683,305,432,151,10,6437,569,32,28,2,0,0,0,0,0,2,4,0,27,27,0,0,0,0,0,0,0,0,0
4k,4w,4k,4w,16,8192,2,48994,41326,3638,1867,560,346,362,183,65,7021,647,22320,15314,3340,1516,683,305,432,151,10,6437,569,28,24,2,0,0,0,0,0,2,4,0,27,27,0,0,0,0,0,0,0,0,0
4k,4w,4k,4w,16,64,2,47678,40008,3640,1866,561,346,364,183,65,7025,645,22319,15313,3340,1516,683,305,432,151,10,6437,569,28,24,2,0,0,0,0,0,2,4,0,27,27,0,0,0,0,0,0,0,0,0
4k,4w,4k,4w,64,16,2,47598,39921,3648,1867,560,346,361,183,65,7030,647,22190,15183,3340,1516,683,305,432,151,10,6437,570,30,26,2,0,0,0,0,0,2,4,0,27,27,0,0,0,0,0,0,0,0,0
4k,4w,4k,4w,8192,16,2,47612,39933,3642,1872,560,346,365,183,65,7033,646,22189,15183,3340,1516,683,305,432,151,10,6437,569,42,38,2,0,0,0,0,0,2,4,0,27,27,0,0,0,0,0,0,0,0,0
4k,4w,4k,4w,8,16,2,47690,40017,3638,1871,561,346,361,183,65,7025,648,22319,15313,3340,1516,683,305,432,151,10,6437,569,28,24,2,0,0,0,0,0,2,4,0,27,27,0,0,0,0,0,0,0,0,0
4k,4w,512,4w,16,16,2,48400,40713,3644,1868,560,345,362,183,65,7027,660,23022,16019,3340,1516,683,305,432,151,10,6437,566,16,24,2,0,0,0,0,0,2,4,-12,27,27,0,0,0,0,0,0,0,0,0
4k,4w,64k,4w,16,16,2,47743,40064,3646,1865,559,346,362,183,65,7026,653,22331,15321,3340,1516,683,305,432,151,10,6437,573,40,36,2,0,0,0,0,0,2,4,0,27,27,0,0,0,0,0,0,0,0,0
4k,4w,8k,4w,16,16,2,47705,40025,3645,1867,561,346,363,183,65,7030,650,22325,15320,3340,1516,683,305,432,151,10,6437,568,28,24,2,0,0,0,0,0,2,4,0,27,27,0,0,0,0,0,0,0,0,0
4k,8w,4k,8w,16,16,2,48535,40727,3635,1875,559,346,361,183,65,7024,784,22370,15367,3340,1516,683,305,432,151,10,6437,566,52,48,2,0,0,0,0,0,2,4,0,27,27,0,0,0,0,0,0,0,0,0
4k,4w,4k,4w,512,16,2,47594,39919,3641,1865,559,346,361,183,65,7020,655,22190,15183,3340,1516,683,305,432,151,10,6437,570,30,26,2,0,0,0,0,0,2,4,0,27,27,0,0,0,0,0,0,0,0,0
8k,4w,8k,4w,16,16,2,47687,40008,3640,1867,558,346,362,183,65,7021,658,22322,15315,3340,1516,683,305,432,151,10,6437,570,28,24,2,0,0,0,0,0,2,4,0,27,27,0,0,0,0,0,0,0,0,0
8k,4w,4k,4w,16,16,2,47665,39995,3642,1867,560,345,363,183,65,7025,645,22320,15315,3340,1516,683,305,432,151,10,6437,568,28,24,2,0,0,0,0,0,2,4,0,27,27,0,0,0,0,0,0,0,0,0
16k,4w,4k,4w,16,16,2,47687,40014,3637,1868,560,346,363,183,65,7022,651,22321,15317,3340,1516,683,305,432,151,10,6437,567,28,24,2,0,0,0,0,0,2,4,0,27,27,0,0,0,0,0,0,0,0,0
16k,4w,16k,4w,16,16,2,47730,40061,3638,1872,560,346,363,183,65,7027,642,22327,15321,3340,1516,683,305,432,151,10,6437,569,28,24,2,0,0,0,0,0,2,4,0,27,27,0,0,0,0,0,0,0,0,0
32k,4w,32k,4w,16,16,2,47736,40041,3645,1869,561,345,364,183,65,7032,663,22328,15319,3340,1516,683,305,432,151,10,6437,572,28,24,2,0,0,0,0,0,2,4,0,27,27,0,0,0,0,0,0,0,0,0
32k,4w,4k,4w,16,16,2,47683,40008,3645,1871,559,346,362,183,65,7031,644,22319,15313,3340,1516,683,305,432,151,10,6437,569,28,24,2,0,0,0,0,0,2,4,0,27,27,0,0,0,0,0,0,0,0,0
64k,4w,64k,4w,16,16,2,47772,40097,3642,1863,560,346,362,183,65,7021,654,22331,15321,3340,1516,683,305,432,151,10,6437,573,52,48,2,0,0,0,0,0,2,4,0,27,27,0,0,0,0,0,0,0,0,0
64k,4w,4k,4w,16,16,2,47724,40049,3643,1871,561,346,362,183,65,7031,644,22321,15317,3340,1516,683,305,432,151,10,6437,567,40,36,2,0,0,0,0,0,2,4,0,27,27,0,0,0,0,0,0,0,0,0
128k,4w,4k,4w,16,16,2,47873,40206,3643,1865,560,346,362,183,65,7024,643,22321,15317,3340,1516,683,305,432,151,10,6437,567,60,56,2,0,0,0,0,0,2,4,0,27,27,0,0,0,0,0,0,0,0,0
128k,4w,128k,4w,16,16,2,47952,40240,3643,1871,561,346,361,183,65,7030,682,22334,15323,3340,1516,683,305,432,151,10,6437,574,92,88,2,0,0,0,0,0,2,4,0,27,27,0,0,0,0,0,0,0,0,0
256k,4w,4k,4w,16,16,2,48276,40592,3646,1873,560,346,361,183,65,7034,650,22320,15315,3340,1516,683,305,432,151,10,6437,568,104,100,2,0,0,0,0,0,2,4,0,27,27,0,0,0,0,0,0,0,0,0
