config,ic_size,dc_size,suite,name,score,units,instructions,cycles,ipc
IC16k_DC16k,16k,16k,NPB,EP,0.13,Mop/s,2075480088,6352516220,0.3267
IC16k_DC16k,16k,16k,NPB,IS,0,-,0,0,0
IC16k_DC16k,16k,16k,NPB,CG,1.01,Mop/s,344607857,1634682169,0.2108
IC16k_DC16k,16k,16k,NPB,MG,1.36,Mop/s,33093091,138878255,0.2383
IC16k_DC16k,16k,16k,NPB,FT,1.42,Mop/s,573089990,3092375239,0.1853
IC16k_DC16k,16k,16k,NPB,BT,2.45,Mop/s,542313786,2312145019,0.2346
IC16k_DC16k,16k,16k,NPB,SP,1.47,Mop/s,349293306,1627762769,0.2146
IC16k_DC16k,16k,16k,NPB,LU,3.44,Mop/s,197095917,736636762,0.2676
IC16k_DC16k,16k,16k,UnixBench,Arithmetic_Overhead,24791689,lps,104950446,248182842,0.4229
IC16k_DC16k,16k,16k,UnixBench,Arithmetic_Register,721378,lps,153623835,248244345,0.6188
IC16k_DC16k,16k,16k,UnixBench,Arithmetic_Short,721747,lps,153736731,248217371,0.6194
IC16k_DC16k,16k,16k,UnixBench,Arithmetic_Int,721351,lps,153622549,248124126,0.6191
IC16k_DC16k,16k,16k,UnixBench,Dhrystone,302302,lps,94213459,190870196,0.4936
IC16k_DC16k,16k,16k,UnixBench,Arithmetic_Double,721748,lps,153711494,248334632,0.6190
IC16k_DC16k,16k,16k,UnixBench,Whetstone,21.551,MWIPS,113782269,252056971,0.4514
IC16k_DC16k,16k,16k,UnixBench,Syscall_Mix,29058,lps,53869228,247877994,0.2173
IC16k_DC16k,16k,16k,UnixBench,Syscall_GetPID,224116,lps,60186521,246669180,0.2440
IC16k_DC16k,16k,16k,UnixBench,Syscall_Exec,26,lps,2829699,19563310,0.1446
IC16k_DC16k,16k,16k,UnixBench,Pipe_Throughput,16620,lps,59737798,247879660,0.2410
IC16k_DC16k,16k,16k,UnixBench,Context_Switching,1553,lps,19087667,115144221,0.1658
IC2k_DC2k,2k,2k,NPB,EP,0.11,Mop/s,2100929139,7431524420,0.2827
IC2k_DC2k,2k,2k,NPB,IS,0.39,Mop/s,7700664,41723492,0.1846
IC2k_DC2k,2k,2k,NPB,CG,0.70,Mop/s,361206189,2347544125,0.1539
IC2k_DC2k,2k,2k,NPB,MG,0.87,Mop/s,34876326,214923880,0.1623
IC2k_DC2k,2k,2k,NPB,FT,1.13,Mop/s,591304635,3867761590,0.1529
IC2k_DC2k,2k,2k,NPB,BT,1.82,Mop/s,560829380,3104484414,0.1807
IC2k_DC2k,2k,2k,NPB,SP,1.03,Mop/s,365706330,2328308256,0.1571
IC2k_DC2k,2k,2k,NPB,LU,2.17,Mop/s,207103648,1166167523,0.1776
IC2k_DC2k,2k,2k,UnixBench,Arithmetic_Overhead,21583981,lps,92076322,247380503,0.3722
IC2k_DC2k,2k,2k,UnixBench,Arithmetic_Register,626821,lps,134256853,247127886,0.5433
IC2k_DC2k,2k,2k,UnixBench,Arithmetic_Short,628210,lps,134526140,247378331,0.5438
IC2k_DC2k,2k,2k,UnixBench,Arithmetic_Int,627397,lps,134354515,247270872,0.5433
IC2k_DC2k,2k,2k,UnixBench,Dhrystone,238417,lps,74910258,175292627,0.4273
IC2k_DC2k,2k,2k,UnixBench,Arithmetic_Double,628870,lps,134652320,247575478,0.5439
IC2k_DC2k,2k,2k,UnixBench,Whetstone,16.485,MWIPS,88037350,249132469,0.3534
IC2k_DC2k,2k,2k,UnixBench,Syscall_Mix,16362,lps,32874648,246962755,0.1331
IC2k_DC2k,2k,2k,UnixBench,Syscall_GetPID,182758,lps,50143196,244764003,0.2049
IC2k_DC2k,2k,2k,UnixBench,Syscall_Exec,16,lps,2387967,22266987,0.1072
IC2k_DC2k,2k,2k,UnixBench,Pipe_Throughput,6389,lps,26887468,247482592,0.1086
IC2k_DC2k,2k,2k,UnixBench,Context_Switching,705,lps,11635722,113017932,0.1030
IC4k_DC4k,4k,4k,NPB,EP,0.12,Mop/s,2091584106,7036120147,0.2973
IC4k_DC4k,4k,4k,NPB,IS,0.46,Mop/s,7563181,35212223,0.2148
IC4k_DC4k,4k,4k,NPB,CG,0.78,Mop/s,355698476,2114609471,0.1682
IC4k_DC4k,4k,4k,NPB,MG,1.07,Mop/s,33940989,175472558,0.1934
IC4k_DC4k,4k,4k,NPB,FT,1.20,Mop/s,586530575,3667899990,0.1599
IC4k_DC4k,4k,4k,NPB,BT,2.16,Mop/s,549545863,2619367463,0.2098
IC4k_DC4k,4k,4k,NPB,SP,1.21,Mop/s,357386206,1974144352,0.1810
IC4k_DC4k,4k,4k,NPB,LU,2.91,Mop/s,200274061,869007272,0.2305
IC4k_DC4k,4k,4k,UnixBench,Arithmetic_Overhead,22604623,lps,96177219,247356497,0.3888
IC4k_DC4k,4k,4k,UnixBench,Arithmetic_Register,657768,lps,140603481,247429588,0.5683
IC4k_DC4k,4k,4k,UnixBench,Arithmetic_Short,659432,lps,140924358,247594585,0.5692
IC4k_DC4k,4k,4k,UnixBench,Arithmetic_Int,657687,lps,140591530,247357568,0.5684
IC4k_DC4k,4k,4k,UnixBench,Dhrystone,259545,lps,81321680,181681039,0.4476
IC4k_DC4k,4k,4k,UnixBench,Arithmetic_Double,658938,lps,140829248,247475132,0.5691
IC4k_DC4k,4k,4k,UnixBench,Whetstone,19.471,MWIPS,103502087,251786537,0.4111
IC4k_DC4k,4k,4k,UnixBench,Syscall_Mix,22202,lps,42538037,247303208,0.1720
IC4k_DC4k,4k,4k,UnixBench,Syscall_GetPID,209219,lps,56577409,245234113,0.2307
IC4k_DC4k,4k,4k,UnixBench,Syscall_Exec,20,lps,2533801,21249468,0.1192
IC4k_DC4k,4k,4k,UnixBench,Pipe_Throughput,9035,lps,35383197,247511653,0.1430
IC4k_DC4k,4k,4k,UnixBench,Context_Switching,849,lps,14159581,120883999,0.1171
IC8k_DC8k,8k,8k,NPB,EP,0.12,Mop/s,2082598313,6661242467,0.3126
IC8k_DC8k,8k,8k,NPB,IS,0.55,Mop/s,7415632,29393588,0.2523
IC8k_DC8k,8k,8k,NPB,CG,0.88,Mop/s,350265066,1886385164,0.1857
IC8k_DC8k,8k,8k,NPB,MG,1.20,Mop/s,33518250,157175356,0.2133
IC8k_DC8k,8k,8k,NPB,FT,1.29,Mop/s,579832968,3391600300,0.1710
IC8k_DC8k,8k,8k,NPB,BT,2.29,Mop/s,545809421,2470919564,0.2209
IC8k_DC8k,8k,8k,NPB,SP,1.34,Mop/s,352914626,1788632882,0.1973
IC8k_DC8k,8k,8k,NPB,LU,3.19,Mop/s,198393247,794522824,0.2497
IC8k_DC8k,8k,8k,UnixBench,Arithmetic_Overhead,23884497,lps,101280605,247916083,0.4085
IC8k_DC8k,8k,8k,UnixBench,Arithmetic_Register,694801,lps,148194204,247852414,0.5979
IC8k_DC8k,8k,8k,UnixBench,Arithmetic_Short,695373,lps,148320456,248015164,0.5980
IC8k_DC8k,8k,8k,UnixBench,Arithmetic_Int,694853,lps,148195947,247869159,0.5979
IC8k_DC8k,8k,8k,UnixBench,Dhrystone,280950,lps,87773165,186014670,0.4719
IC8k_DC8k,8k,8k,UnixBench,Arithmetic_Double,694219,lps,148089112,247802976,0.5976
IC8k_DC8k,8k,8k,UnixBench,Whetstone,20.541,MWIPS,108635733,251382345,0.4322
IC8k_DC8k,8k,8k,UnixBench,Syscall_Mix,27193,lps,50781752,247859771,0.2049
IC8k_DC8k,8k,8k,UnixBench,Syscall_GetPID,208149,lps,56286493,246408457,0.2284
IC8k_DC8k,8k,8k,UnixBench,Syscall_Exec,23,lps,2705868,20581615,0.1315
IC8k_DC8k,8k,8k,UnixBench,Pipe_Throughput,12948,lps,47930441,247861495,0.1934
IC8k_DC8k,8k,8k,UnixBench,Context_Switching,1223,lps,15493440,115352554,0.1343
IC16k_DC4k,16k,4k,NPB,EP,0.13,Mop/s,2078526253,6500312424,0.3198
IC16k_DC4k,16k,4k,NPB,IS,0.49,Mop/s,7513884,32840900,0.2288
IC16k_DC4k,16k,4k,NPB,CG,0.84,Mop/s,352100714,1967067169,0.1790
IC16k_DC4k,16k,4k,NPB,MG,1.16,Mop/s,33642690,162821542,0.2066
IC16k_DC4k,16k,4k,NPB,FT,1.29,Mop/s,579811018,3393533697,0.1709
IC16k_DC4k,16k,4k,NPB,BT,2.35,Mop/s,544458365,2410417290,0.2259
IC16k_DC4k,16k,4k,NPB,SP,1.34,Mop/s,352957305,1789106925,0.1973
IC16k_DC4k,16k,4k,NPB,LU,3.16,Mop/s,198679686,798231429,0.2489
IC16k_DC4k,16k,4k,UnixBench,Arithmetic_Overhead,24178691,lps,102507577,246966450,0.4151
IC16k_DC4k,16k,4k,UnixBench,Arithmetic_Register,704948,lps,150285985,247187208,0.6080
IC16k_DC4k,16k,4k,UnixBench,Arithmetic_Short,696723,lps,148658114,245200463,0.6063
IC16k_DC4k,16k,4k,UnixBench,Arithmetic_Int,698898,lps,149074682,245715539,0.6067
IC16k_DC4k,16k,4k,UnixBench,Dhrystone,283933,lps,88713479,184827490,0.4800
IC16k_DC4k,16k,4k,UnixBench,Arithmetic_Double,697862,lps,148869396,245416271,0.6066
IC16k_DC4k,16k,4k,UnixBench,Whetstone,20.939,MWIPS,113986541,258333116,0.4412
IC16k_DC4k,16k,4k,UnixBench,Syscall_Mix,27708,lps,51674460,246229761,0.2099
IC16k_DC4k,16k,4k,UnixBench,Syscall_GetPID,212168,lps,57252118,247948785,0.2309
IC16k_DC4k,16k,4k,UnixBench,Syscall_Exec,23,lps,2687905,20117787,0.1336
IC16k_DC4k,16k,4k,UnixBench,Pipe_Throughput,0,-,0,0,0
IC2k_DC4k,2k,4k,NPB,EP,0.12,Mop/s,2094923409,7201594742,0.2909
IC2k_DC4k,2k,4k,NPB,IS,0.45,Mop/s,7556787,36086034,0.2094
IC2k_DC4k,2k,4k,NPB,CG,0.76,Mop/s,356860231,2172654624,0.1643
IC2k_DC4k,2k,4k,NPB,MG,1.05,Mop/s,34034926,179587382,0.1895
IC2k_DC4k,2k,4k,NPB,FT,1.17,Mop/s,588402186,3760718528,0.1565
IC2k_DC4k,2k,4k,NPB,BT,1.91,Mop/s,556980539,2952556129,0.1886
IC2k_DC4k,2k,4k,NPB,SP,1.13,Mop/s,360783762,2120870028,0.1701
IC2k_DC4k,2k,4k,NPB,LU,2.34,Mop/s,205013116,1079699592,0.1899
IC2k_DC4k,2k,4k,UnixBench,Arithmetic_Overhead,22182512,lps,94464063,247675077,0.3814
IC2k_DC4k,2k,4k,UnixBench,Arithmetic_Register,644741,lps,137901852,247612113,0.5569
IC2k_DC4k,2k,4k,UnixBench,Arithmetic_Short,645266,lps,138013034,247533556,0.5576
IC2k_DC4k,2k,4k,UnixBench,Arithmetic_Int,643607,lps,137684075,247320138,0.5567
IC2k_DC4k,2k,4k,UnixBench,Dhrystone,250581,lps,78574647,178920451,0.4392
IC2k_DC4k,2k,4k,UnixBench,Arithmetic_Double,642317,lps,137440036,246937265,0.5566
IC2k_DC4k,2k,4k,UnixBench,Whetstone,18.038,MWIPS,92995050,242447130,0.3836
IC2k_DC4k,2k,4k,UnixBench,Syscall_Mix,17928,lps,35454198,247254074,0.1434
IC2k_DC4k,2k,4k,UnixBench,Syscall_GetPID,171519,lps,47423425,245080480,0.1935
IC2k_DC4k,2k,4k,UnixBench,Syscall_Exec,18,lps,2325893,20570904,0.1131
IC2k_DC4k,2k,4k,UnixBench,Pipe_Throughput,7689,lps,31049367,247600302,0.1254
IC2k_DC4k,2k,4k,UnixBench,Context_Switching,919,lps,12960941,118080412,0.1098
IC4k_DC16k,4k,16k,NPB,EP,0.12,Mop/s,2087373896,6867952002,0.3039
IC4k_DC16k,4k,16k,NPB,IS,0.58,Mop/s,7374899,27803493,0.2653
IC4k_DC16k,4k,16k,NPB,CG,0.94,Mop/s,347347060,1757777906,0.1976
IC4k_DC16k,4k,16k,NPB,MG,1.26,Mop/s,33359425,149630856,0.2229
IC4k_DC16k,4k,16k,NPB,FT,1.32,Mop/s,578651729,3335072630,0.1735
IC4k_DC16k,4k,16k,NPB,BT,2.26,Mop/s,546794971,2507861820,0.2180
IC4k_DC16k,4k,16k,NPB,SP,1.34,Mop/s,352899029,1782740391,0.1980
IC4k_DC16k,4k,16k,NPB,LU,3.16,Mop/s,198558255,801417967,0.2478
IC4k_DC16k,4k,16k,UnixBench,Arithmetic_Overhead,23109142,lps,98174760,247847783,0.3961
IC4k_DC16k,4k,16k,UnixBench,Arithmetic_Register,672590,lps,143642943,247625646,0.5801
IC4k_DC16k,4k,16k,UnixBench,Arithmetic_Short,673179,lps,143763664,247715103,0.5804
IC4k_DC16k,4k,16k,UnixBench,Arithmetic_Int,673226,lps,143749423,248067388,0.5795
IC4k_DC16k,4k,16k,UnixBench,Dhrystone,273974,lps,85713560,187040477,0.4583
IC4k_DC16k,4k,16k,UnixBench,Arithmetic_Double,670653,lps,143256047,247471535,0.5789
IC4k_DC16k,4k,16k,UnixBench,Whetstone,20.011,MWIPS,103325000,245202981,0.4214
IC4k_DC16k,4k,16k,UnixBench,Syscall_Mix,24151,lps,45741962,247720613,0.1847
IC4k_DC16k,4k,16k,UnixBench,Syscall_GetPID,222314,lps,59700175,246498430,0.2422
IC4k_DC16k,4k,16k,UnixBench,Syscall_Exec,22,lps,2685481,20883032,0.1286
IC4k_DC16k,4k,16k,UnixBench,Pipe_Throughput,10312,lps,39491445,247624445,0.1595
IC4k_DC16k,4k,16k,UnixBench,Context_Switching,1138,lps,15423836,115966571,0.1330
IC4k_DC2k,4k,2k,NPB,EP,0.11,Mop/s,2096926201,7266256455,0.2886
IC4k_DC2k,4k,2k,NPB,IS,0.40,Mop/s,7689738,40877212,0.1881
IC4k_DC2k,4k,2k,NPB,CG,0.72,Mop/s,359710700,2291051417,0.1570
IC4k_DC2k,4k,2k,NPB,MG,0.89,Mop/s,34732775,210407068,0.1651
IC4k_DC2k,4k,2k,NPB,FT,1.16,Mop/s,589071554,3779950524,0.1558
IC4k_DC2k,4k,2k,NPB,BT,2.04,Mop/s,552830742,2763891038,0.2000
IC4k_DC2k,4k,2k,NPB,SP,1.10,Mop/s,362188553,2182552805,0.1659
IC4k_DC2k,4k,2k,NPB,LU,2.62,Mop/s,202450315,964767267,0.2098
IC4k_DC2k,4k,2k,UnixBench,Arithmetic_Overhead,22033033,lps,93877584,247310585,0.3796
IC4k_DC2k,4k,2k,UnixBench,Arithmetic_Register,641188,lps,137195099,247292542,0.5548
IC4k_DC2k,4k,2k,UnixBench,Arithmetic_Short,643267,lps,137595108,247565733,0.5558
IC4k_DC2k,4k,2k,UnixBench,Arithmetic_Int,642662,lps,137476255,247556061,0.5553
IC4k_DC2k,4k,2k,UnixBench,Dhrystone,248037,lps,77806447,178123180,0.4368
IC4k_DC2k,4k,2k,UnixBench,Arithmetic_Double,637436,lps,136473028,246583015,0.5535
IC4k_DC2k,4k,2k,UnixBench,Whetstone,18.381,MWIPS,98347217,252281997,0.3898
IC4k_DC2k,4k,2k,UnixBench,Syscall_Mix,20392,lps,39513917,247347064,0.1598
IC4k_DC2k,4k,2k,UnixBench,Syscall_GetPID,175622,lps,48385956,245328798,0.1972
IC4k_DC2k,4k,2k,UnixBench,Syscall_Exec,18,lps,2378061,21087022,0.1128
IC4k_DC2k,4k,2k,UnixBench,Pipe_Throughput,7262,lps,29699132,247272003,0.1201
IC4k_DC2k,4k,2k,UnixBench,Context_Switching,902,lps,12672275,117630929,0.1077
IC4k_DC8k,4k,8k,NPB,EP,0.12,Mop/s,2088996290,6938744676,0.3011
IC4k_DC8k,4k,8k,NPB,IS,0.53,Mop/s,7445436,30282697,0.2459
IC4k_DC8k,4k,8k,NPB,CG,0.85,Mop/s,351734936,1949268306,0.1804
IC4k_DC8k,4k,8k,NPB,MG,1.16,Mop/s,33623137,162126332,0.2074
IC4k_DC8k,4k,8k,NPB,FT,1.25,Mop/s,582843599,3516089702,0.1658
IC4k_DC8k,4k,8k,NPB,BT,2.21,Mop/s,547977250,2560900444,0.2140
IC4k_DC8k,4k,8k,NPB,SP,1.29,Mop/s,354528163,1856072381,0.1910
IC4k_DC8k,4k,8k,NPB,LU,3.06,Mop/s,199211497,824511210,0.2416
IC4k_DC8k,4k,8k,UnixBench,Arithmetic_Overhead,22446837,lps,95554703,243645092,0.3922
IC4k_DC8k,4k,8k,UnixBench,Arithmetic_Register,656195,lps,140307607,244904097,0.5729
IC4k_DC8k,4k,8k,UnixBench,Arithmetic_Short,662014,lps,141492851,246200357,0.5747
IC4k_DC8k,4k,8k,UnixBench,Arithmetic_Int,661745,lps,141439763,246547733,0.5737
IC4k_DC8k,4k,8k,UnixBench,Dhrystone,261465,lps,82002157,181601837,0.4515
IC4k_DC8k,4k,8k,UnixBench,Arithmetic_Double,656631,lps,140385296,244803157,0.5735
IC4k_DC8k,4k,8k,UnixBench,Whetstone,19.465,MWIPS,103549557,249105794,0.4157
IC4k_DC8k,4k,8k,UnixBench,Syscall_Mix,23154,lps,44158105,245560616,0.1798
IC4k_DC8k,4k,8k,UnixBench,Syscall_GetPID,203696,lps,55243408,247078391,0.2236
IC4k_DC8k,4k,8k,UnixBench,Syscall_Exec,21,lps,2522156,20434093,0.1234
IC4k_DC8k,4k,8k,UnixBench,Pipe_Throughput,9949,lps,38335897,247402387,0.1550
IC4k_DC8k,4k,8k,UnixBench,Context_Switching,0,-,0,0,0
IC8k_DC4k,8k,4k,NPB,EP,0.12,Mop/s,2084610977,6753298939,0.3087
IC8k_DC4k,8k,4k,NPB,IS,0,-,0,0,0
IC8k_DC4k,8k,4k,NPB,CG,0.81,Mop/s,353714967,2035884819,0.1737
IC8k_DC4k,8k,4k,NPB,MG,1.11,Mop/s,33803524,169335441,0.1996
IC8k_DC4k,8k,4k,NPB,FT,1.24,Mop/s,583154366,3529686510,0.1652
IC8k_DC4k,8k,4k,NPB,BT,2.24,Mop/s,547150653,2522654740,0.2169
IC8k_DC4k,8k,4k,NPB,SP,1.27,Mop/s,355168426,1883256153,0.1886
IC8k_DC4k,8k,4k,NPB,LU,3.02,Mop/s,199542145,836964490,0.2384
IC8k_DC4k,8k,4k,UnixBench,Arithmetic_Overhead,23413203,lps,99428835,246632078,0.4031
IC8k_DC4k,8k,4k,UnixBench,Arithmetic_Register,675349,lps,144218815,244727453,0.5893
IC8k_DC4k,8k,4k,UnixBench,Arithmetic_Short,676979,lps,144567352,245541864,0.5888
IC8k_DC4k,8k,4k,UnixBench,Arithmetic_Int,677945,lps,144777203,245723098,0.5892
IC8k_DC4k,8k,4k,UnixBench,Dhrystone,271629,lps,84982469,183224430,0.4638
IC8k_DC4k,8k,4k,UnixBench,Arithmetic_Double,676755,lps,144533313,245303282,0.5892
IC8k_DC4k,8k,4k,UnixBench,Whetstone,20.124,MWIPS,108754920,255498423,0.4257
IC8k_DC4k,8k,4k,UnixBench,Syscall_Mix,26193,lps,49192088,245733388,0.2002
IC8k_DC4k,8k,4k,UnixBench,Syscall_GetPID,214532,lps,57842899,247559472,0.2337
IC8k_DC4k,8k,4k,UnixBench,Syscall_Exec,21,lps,2509872,19715438,0.1273
IC8k_DC4k,8k,4k,UnixBench,Pipe_Throughput,11400,lps,42981710,247601614,0.1736
IC8k_DC4k,8k,4k,UnixBench,Context_Switching,0,-,0,0,0
IC16k_DC16k,16k,16k,NPB,EP,0.13,Mop/s,2075173385,6345339385,0.3270
IC16k_DC16k,16k,16k,NPB,IS,0.63,Mop/s,7344377,26019068,0.2823
IC16k_DC16k,16k,16k,NPB,CG,1.01,Mop/s,344613188,1634560155,0.2108
IC16k_DC16k,16k,16k,NPB,MG,1.36,Mop/s,33093094,138926329,0.2382
IC16k_DC16k,16k,16k,NPB,FT,1.42,Mop/s,573008627,3092204415,0.1853
IC16k_DC16k,16k,16k,NPB,BT,2.45,Mop/s,542275595,2312729135,0.2345
IC16k_DC16k,16k,16k,NPB,SP,1.47,Mop/s,349300150,1627566542,0.2146
IC16k_DC16k,16k,16k,NPB,LU,3.42,Mop/s,197328985,738217744,0.2673
IC16k_DC16k,16k,16k,UnixBench,Arithmetic_Overhead,24301944,lps,103057470,244217166,0.4220
IC16k_DC16k,16k,16k,UnixBench,Arithmetic_Register,711160,lps,151607154,245033322,0.6187
IC16k_DC16k,16k,16k,UnixBench,Arithmetic_Short,711797,lps,151755010,245404096,0.6184
IC16k_DC16k,16k,16k,UnixBench,Arithmetic_Int,712942,lps,151981743,245643809,0.6187
IC16k_DC16k,16k,16k,UnixBench,Dhrystone,297387,lps,92832473,188623152,0.4922
IC16k_DC16k,16k,16k,UnixBench,Arithmetic_Double,718018,lps,152971895,246713728,0.6200
IC16k_DC16k,16k,16k,UnixBench,Whetstone,21.317,MWIPS,113886339,252370088,0.4513
IC16k_DC16k,16k,16k,UnixBench,Syscall_Mix,29408,lps,54531892,244877346,0.2227
IC16k_DC16k,16k,16k,UnixBench,Syscall_GetPID,241515,lps,64359224,248117963,0.2594
IC16k_DC16k,16k,16k,UnixBench,Syscall_Exec,26,lps,2812309,19411997,0.1449
IC16k_DC16k,16k,16k,UnixBench,Pipe_Throughput,0,-,0,0,0
IC16k_DC4k,16k,4k,NPB,EP,0.13,Mop/s,2079415510,6518872256,0.3190
IC16k_DC4k,16k,4k,NPB,IS,0.49,Mop/s,7520686,33216858,0.2264
IC16k_DC4k,16k,4k,NPB,CG,0.83,Mop/s,352501615,1979518704,0.1781
IC16k_DC4k,16k,4k,NPB,MG,1.15,Mop/s,33670792,163544125,0.2059
IC16k_DC4k,16k,4k,NPB,FT,1.29,Mop/s,580459887,3411383548,0.1702
IC16k_DC4k,16k,4k,NPB,BT,2.34,Mop/s,544697356,2419547056,0.2251
IC16k_DC4k,16k,4k,NPB,SP,1.33,Mop/s,353219468,1800870060,0.1961
IC16k_DC4k,16k,4k,NPB,LU,3.17,Mop/s,198524022,800182643,0.2481
IC16k_DC4k,16k,4k,UnixBench,Arithmetic_Overhead,24302433,lps,102970362,248127263,0.4150
IC16k_DC4k,16k,4k,UnixBench,Arithmetic_Register,706765,lps,150645193,247838391,0.6078
IC16k_DC4k,16k,4k,UnixBench,Arithmetic_Short,709377,lps,151176744,248120149,0.6093
IC16k_DC4k,16k,4k,UnixBench,Arithmetic_Int,707566,lps,150820119,247990601,0.6082
IC16k_DC4k,16k,4k,UnixBench,Dhrystone,289948,lps,90482976,187824878,0.4817
IC16k_DC4k,16k,4k,UnixBench,Arithmetic_Double,707282,lps,150765182,247896195,0.6082
IC16k_DC4k,16k,4k,UnixBench,Whetstone,21.072,MWIPS,113892691,257524635,0.4423
IC16k_DC4k,16k,4k,UnixBench,Syscall_Mix,28242,lps,52527764,247849303,0.2119
IC16k_DC4k,16k,4k,UnixBench,Syscall_GetPID,240955,lps,64217662,246631359,0.2604
IC16k_DC4k,16k,4k,UnixBench,Syscall_Exec,23,lps,2781787,20876366,0.1333
IC16k_DC4k,16k,4k,UnixBench,Pipe_Throughput,13722,lps,50420861,248061876,0.2033
IC16k_DC4k,16k,4k,UnixBench,Context_Switching,1257,lps,16102108,116216536,0.1386
IC2k_DC2k,2k,2k,NPB,EP,0.11,Mop/s,2100926375,7435136204,0.2826
IC2k_DC2k,2k,2k,NPB,IS,0.39,Mop/s,7687006,41611894,0.1847
IC2k_DC2k,2k,2k,NPB,CG,0.70,Mop/s,361119975,2345265676,0.1540
IC2k_DC2k,2k,2k,NPB,MG,0.87,Mop/s,34880858,215077830,0.1622
IC2k_DC2k,2k,2k,NPB,FT,1.13,Mop/s,591215587,3866550915,0.1529
IC2k_DC2k,2k,2k,NPB,BT,1.82,Mop/s,560780775,3104012301,0.1807
IC2k_DC2k,2k,2k,NPB,SP,1.02,Mop/s,365741866,2331678358,0.1569
IC2k_DC2k,2k,2k,NPB,LU,2.17,Mop/s,207116362,1167467416,0.1774
IC2k_DC2k,2k,2k,UnixBench,Arithmetic_Overhead,21542706,lps,91912841,247208424,0.3718
IC2k_DC2k,2k,2k,UnixBench,Arithmetic_Register,628881,lps,134645385,247412527,0.5442
IC2k_DC2k,2k,2k,UnixBench,Arithmetic_Short,629620,lps,134800302,247639426,0.5443
IC2k_DC2k,2k,2k,UnixBench,Arithmetic_Int,628860,lps,134646256,247397511,0.5443
IC2k_DC2k,2k,2k,UnixBench,Dhrystone,237007,lps,74491744,174335798,0.4273
IC2k_DC2k,2k,2k,UnixBench,Arithmetic_Double,628912,lps,134653678,247388208,0.5443
IC2k_DC2k,2k,2k,UnixBench,Whetstone,17.030,MWIPS,87838586,241304172,0.3640
IC2k_DC2k,2k,2k,UnixBench,Syscall_Mix,15934,lps,32201416,246457839,0.1307
IC2k_DC2k,2k,2k,UnixBench,Syscall_GetPID,173548,lps,47896691,244926752,0.1956
IC2k_DC2k,2k,2k,UnixBench,Syscall_Exec,16,lps,2339224,21846360,0.1071
IC2k_DC2k,2k,2k,UnixBench,Pipe_Throughput,6359,lps,26784135,247438768,0.1082
IC2k_DC2k,2k,2k,UnixBench,Context_Switching,720,lps,11651097,113503692,0.1026
IC2k_DC4k,2k,4k,NPB,EP,0.12,Mop/s,2095565844,7205666113,0.2908
IC2k_DC4k,2k,4k,NPB,IS,0,-,0,0,0
IC2k_DC4k,2k,4k,NPB,CG,0.76,Mop/s,356811481,2162586518,0.1650
IC2k_DC4k,2k,4k,NPB,MG,1.05,Mop/s,34026577,179339606,0.1897
IC2k_DC4k,2k,4k,NPB,FT,1.17,Mop/s,588474617,3750217992,0.1569
IC2k_DC4k,2k,4k,NPB,BT,1.92,Mop/s,557105582,2947423233,0.1890
IC2k_DC4k,2k,4k,NPB,SP,1.13,Mop/s,360498435,2108208320,0.1710
IC2k_DC4k,2k,4k,NPB,LU,2.34,Mop/s,205084906,1077639089,0.1903
IC2k_DC4k,2k,4k,UnixBench,Arithmetic_Overhead,21921235,lps,93470937,246070212,0.3799
IC2k_DC4k,2k,4k,UnixBench,Arithmetic_Register,640879,lps,137139580,246489994,0.5564
IC2k_DC4k,2k,4k,UnixBench,Arithmetic_Short,637604,lps,136493417,245688039,0.5556
IC2k_DC4k,2k,4k,UnixBench,Arithmetic_Int,639297,lps,136840373,246330130,0.5555
IC2k_DC4k,2k,4k,UnixBench,Dhrystone,245254,lps,77081542,176713791,0.4362
IC2k_DC4k,2k,4k,UnixBench,Arithmetic_Double,629897,lps,134977181,243934645,0.5533
IC2k_DC4k,2k,4k,UnixBench,Whetstone,17.932,MWIPS,93046435,242701055,0.3834
IC2k_DC4k,2k,4k,UnixBench,Syscall_Mix,17793,lps,35271630,245127213,0.1439
IC2k_DC4k,2k,4k,UnixBench,Syscall_GetPID,199172,lps,54136291,247156237,0.2190
IC2k_DC4k,2k,4k,UnixBench,Syscall_Exec,18,lps,2378273,20943498,0.1136
IC2k_DC4k,2k,4k,UnixBench,Pipe_Throughput,7649,lps,30960318,246012337,0.1258
IC2k_DC4k,2k,4k,UnixBench,Context_Switching,0,-,0,0,0
IC4k_DC16k,4k,16k,NPB,EP,0.12,Mop/s,2087241050,6859262716,0.3043
IC4k_DC16k,4k,16k,NPB,IS,0.59,Mop/s,7362533,27435039,0.2684
IC4k_DC16k,4k,16k,NPB,CG,0.94,Mop/s,347110279,1748100878,0.1986
IC4k_DC16k,4k,16k,NPB,MG,1.26,Mop/s,33364689,149399541,0.2233
IC4k_DC16k,4k,16k,NPB,FT,1.32,Mop/s,578579433,3327165401,0.1739
IC4k_DC16k,4k,16k,NPB,BT,2.26,Mop/s,546729869,2502344887,0.2185
IC4k_DC16k,4k,16k,NPB,SP,1.35,Mop/s,352677817,1773220630,0.1989
IC4k_DC16k,4k,16k,NPB,LU,3.17,Mop/s,198567884,799310632,0.2484
IC4k_DC16k,4k,16k,UnixBench,Arithmetic_Overhead,23187211,lps,98480649,247969528,0.3971
IC4k_DC16k,4k,16k,UnixBench,Arithmetic_Register,670850,lps,143305228,247701765,0.5785
IC4k_DC16k,4k,16k,UnixBench,Arithmetic_Short,674183,lps,143952733,247865600,0.5808
IC4k_DC16k,4k,16k,UnixBench,Arithmetic_Int,672535,lps,143620459,247935908,0.5793
IC4k_DC16k,4k,16k,UnixBench,Dhrystone,273265,lps,85468605,186502161,0.4583
IC4k_DC16k,4k,16k,UnixBench,Arithmetic_Double,671903,lps,143499689,247819695,0.5790
IC4k_DC16k,4k,16k,UnixBench,Whetstone,20.009,MWIPS,103331313,245292343,0.4213
IC4k_DC16k,4k,16k,UnixBench,Syscall_Mix,23598,lps,44818153,247938014,0.1808
IC4k_DC16k,4k,16k,UnixBench,Syscall_GetPID,204257,lps,55393894,245915668,0.2253
IC4k_DC16k,4k,16k,UnixBench,Syscall_Exec,22,lps,2692971,20988866,0.1283
IC4k_DC16k,4k,16k,UnixBench,Pipe_Throughput,10303,lps,39455667,247782308,0.1592
IC4k_DC16k,4k,16k,UnixBench,Context_Switching,1134,lps,15903020,119187987,0.1334
IC4k_DC2k,4k,2k,NPB,EP,0.11,Mop/s,2096770572,7261032744,0.2888
IC4k_DC2k,4k,2k,NPB,IS,0,-,0,0,0
IC4k_DC2k,4k,2k,NPB,CG,0.72,Mop/s,359446255,2278616071,0.1577
IC4k_DC2k,4k,2k,NPB,MG,0.89,Mop/s,34735816,210070992,0.1654
IC4k_DC2k,4k,2k,NPB,FT,1.16,Mop/s,588847451,3768547937,0.1563
IC4k_DC2k,4k,2k,NPB,BT,2.05,Mop/s,552670663,2757158262,0.2004
IC4k_DC2k,4k,2k,NPB,SP,1.10,Mop/s,361781190,2164571586,0.1671
IC4k_DC2k,4k,2k,NPB,LU,2.64,Mop/s,202302977,959273962,0.2109
IC4k_DC2k,4k,2k,UnixBench,Arithmetic_Overhead,22013527,lps,93800915,247219434,0.3794
IC4k_DC2k,4k,2k,UnixBench,Arithmetic_Register,642482,lps,137449865,247516305,0.5553
IC4k_DC2k,4k,2k,UnixBench,Arithmetic_Short,642407,lps,137438393,247435122,0.5555
IC4k_DC2k,4k,2k,UnixBench,Arithmetic_Int,642661,lps,137477774,247531338,0.5554
IC4k_DC2k,4k,2k,UnixBench,Dhrystone,248321,lps,77888405,178171819,0.4372
IC4k_DC2k,4k,2k,UnixBench,Arithmetic_Double,642460,lps,137440814,247428103,0.5555
IC4k_DC2k,4k,2k,UnixBench,Whetstone,18.383,MWIPS,98356262,252298308,0.3898
IC4k_DC2k,4k,2k,UnixBench,Syscall_Mix,19783,lps,38542640,246775646,0.1562
IC4k_DC2k,4k,2k,UnixBench,Syscall_GetPID,181515,lps,49850242,245202656,0.2033
IC4k_DC2k,4k,2k,UnixBench,Syscall_Exec,18,lps,2326040,20643040,0.1127
IC4k_DC2k,4k,2k,UnixBench,Pipe_Throughput,7164,lps,29383884,247380146,0.1188
IC4k_DC2k,4k,2k,UnixBench,Context_Switching,902,lps,12688909,118242683,0.1073
IC4k_DC4k,4k,4k,NPB,EP,0.12,Mop/s,2091691241,7040650157,0.2971
IC4k_DC4k,4k,4k,NPB,IS,0,-,0,0,0
IC4k_DC4k,4k,4k,NPB,CG,0.78,Mop/s,355775473,2120515633,0.1678
IC4k_DC4k,4k,4k,NPB,MG,1.07,Mop/s,33930973,175421808,0.1934
IC4k_DC4k,4k,4k,NPB,FT,1.19,Mop/s,586627675,3673503906,0.1597
IC4k_DC4k,4k,4k,NPB,BT,2.16,Mop/s,549510846,2620835226,0.2097
IC4k_DC4k,4k,4k,NPB,SP,1.22,Mop/s,357261817,1968876909,0.1815
IC4k_DC4k,4k,4k,NPB,LU,2.91,Mop/s,200278885,869747449,0.2303
IC4k_DC4k,4k,4k,UnixBench,Arithmetic_Overhead,22621645,lps,96255667,247394300,0.3891
IC4k_DC4k,4k,4k,UnixBench,Arithmetic_Register,658517,lps,140748729,247543809,0.5686
IC4k_DC4k,4k,4k,UnixBench,Arithmetic_Short,658000,lps,140662474,247306637,0.5688
IC4k_DC4k,4k,4k,UnixBench,Arithmetic_Int,658751,lps,140787325,247588489,0.5686
IC4k_DC4k,4k,4k,UnixBench,Dhrystone,259426,lps,81282691,181390574,0.4481
IC4k_DC4k,4k,4k,UnixBench,Arithmetic_Double,658758,lps,140787397,247486754,0.5689
IC4k_DC4k,4k,4k,UnixBench,Whetstone,19.491,MWIPS,103486730,251601229,0.4113
IC4k_DC4k,4k,4k,UnixBench,Syscall_Mix,22730,lps,43407710,247311621,0.1755
IC4k_DC4k,4k,4k,UnixBench,Syscall_GetPID,203386,lps,55161349,244998190,0.2252
IC4k_DC4k,4k,4k,UnixBench,Syscall_Exec,20,lps,2478741,20720480,0.1196
IC4k_DC4k,4k,4k,UnixBench,Pipe_Throughput,8802,lps,34638903,247497476,0.1400
IC4k_DC4k,4k,4k,UnixBench,Context_Switching,869,lps,14472096,123651397,0.1170
IC4k_DC8k,4k,8k,NPB,EP,0.12,Mop/s,2089268694,6944706378,0.3008
IC4k_DC8k,4k,8k,NPB,IS,0.53,Mop/s,7444106,30516235,0.2439
IC4k_DC8k,4k,8k,NPB,CG,0.84,Mop/s,352032507,1958592925,0.1797
IC4k_DC8k,4k,8k,NPB,MG,1.15,Mop/s,33649096,163018534,0.2064
IC4k_DC8k,4k,8k,NPB,FT,1.25,Mop/s,583044412,3522252123,0.1655
IC4k_DC8k,4k,8k,NPB,BT,2.21,Mop/s,548167534,2564089692,0.2138
IC4k_DC8k,4k,8k,NPB,SP,1.28,Mop/s,354794187,1864419128,0.1903
IC4k_DC8k,4k,8k,NPB,LU,3.07,Mop/s,199153033,824876869,0.2414
IC4k_DC8k,4k,8k,UnixBench,Arithmetic_Overhead,22898619,lps,97365505,247542944,0.3933
IC4k_DC8k,4k,8k,UnixBench,Arithmetic_Register,669214,lps,142935641,247978034,0.5764
IC4k_DC8k,4k,8k,UnixBench,Arithmetic_Short,668753,lps,142830224,247868826,0.5762
IC4k_DC8k,4k,8k,UnixBench,Arithmetic_Int,668533,lps,142786042,247845947,0.5761
IC4k_DC8k,4k,8k,UnixBench,Dhrystone,267565,lps,83754428,184410373,0.4542
IC4k_DC8k,4k,8k,UnixBench,Arithmetic_Double,669124,lps,142899645,247823701,0.5766
IC4k_DC8k,4k,8k,UnixBench,Whetstone,19.837,MWIPS,103366254,247589258,0.4175
IC4k_DC8k,4k,8k,UnixBench,Syscall_Mix,23727,lps,45042905,247622113,0.1819
IC4k_DC8k,4k,8k,UnixBench,Syscall_GetPID,210398,lps,56830388,245842791,0.2312
IC4k_DC8k,4k,8k,UnixBench,Syscall_Exec,21,lps,2653643,21477918,0.1236
IC4k_DC8k,4k,8k,UnixBench,Pipe_Throughput,9943,lps,38279411,247853474,0.1544
IC4k_DC8k,4k,8k,UnixBench,Context_Switching,1012,lps,14596205,117099026,0.1246
IC8k_DC4k,8k,4k,NPB,EP,0.12,Mop/s,2084827930,6754743809,0.3086
IC8k_DC4k,8k,4k,NPB,IS,0,-,0,0,0
IC8k_DC4k,8k,4k,NPB,CG,0.81,Mop/s,353773981,2036482087,0.1737
IC8k_DC4k,8k,4k,NPB,MG,1.11,Mop/s,33807105,169111591,0.1999
IC8k_DC4k,8k,4k,NPB,FT,1.24,Mop/s,583239672,3530945362,0.1652
IC8k_DC4k,8k,4k,NPB,BT,2.24,Mop/s,547193201,2523716929,0.2168
IC8k_DC4k,8k,4k,NPB,SP,1.27,Mop/s,355121744,1878474664,0.1890
IC8k_DC4k,8k,4k,NPB,LU,3.03,Mop/s,199437407,835964705,0.2386
IC8k_DC4k,8k,4k,UnixBench,Arithmetic_Overhead,23617357,lps,100215223,247965004,0.4042
IC8k_DC4k,8k,4k,UnixBench,Arithmetic_Register,683625,lps,145911994,247426912,0.5897
IC8k_DC4k,8k,4k,UnixBench,Arithmetic_Short,686606,lps,146502971,247758515,0.5913
IC8k_DC4k,8k,4k,UnixBench,Arithmetic_Int,685710,lps,146311545,247739075,0.5906
IC8k_DC4k,8k,4k,UnixBench,Dhrystone,276445,lps,86403551,185445243,0.4659
IC8k_DC4k,8k,4k,UnixBench,Arithmetic_Double,686746,lps,146525631,247884555,0.5911
IC8k_DC4k,8k,4k,UnixBench,Whetstone,20.245,MWIPS,108700030,254776030,0.4266
IC8k_DC4k,8k,4k,UnixBench,Syscall_Mix,26404,lps,49463957,247718398,0.1997
IC8k_DC4k,8k,4k,UnixBench,Syscall_GetPID,220041,lps,59172912,246252498,0.2403
IC8k_DC4k,8k,4k,UnixBench,Syscall_Exec,21,lps,2527294,19858216,0.1273
IC8k_DC4k,8k,4k,UnixBench,Pipe_Throughput,11161,lps,42185605,247901195,0.1702
IC8k_DC4k,8k,4k,UnixBench,Context_Switching,1025,lps,14782606,118238078,0.1250
IC8k_DC8k,8k,8k,NPB,EP,0.12,Mop/s,2082659951,6664192557,0.3125
IC8k_DC8k,8k,8k,NPB,IS,0,-,0,0,0
IC8k_DC8k,8k,8k,NPB,CG,0.88,Mop/s,350263516,1887370279,0.1856
IC8k_DC8k,8k,8k,NPB,MG,1.20,Mop/s,33518501,157099343,0.2134
IC8k_DC8k,8k,8k,NPB,FT,1.29,Mop/s,579830003,3392115741,0.1709
IC8k_DC8k,8k,8k,NPB,BT,2.29,Mop/s,545828974,2471893466,0.2208
IC8k_DC8k,8k,8k,NPB,SP,1.34,Mop/s,352898033,1787983185,0.1974
IC8k_DC8k,8k,8k,NPB,LU,3.20,Mop/s,198355290,793772260,0.2499
IC8k_DC8k,8k,8k,UnixBench,Arithmetic_Overhead,23843162,lps,101140481,247947485,0.4079
IC8k_DC8k,8k,8k,UnixBench,Arithmetic_Register,695601,lps,148340556,247929080,0.5983
IC8k_DC8k,8k,8k,UnixBench,Arithmetic_Short,694263,lps,148077021,247874755,0.5974
IC8k_DC8k,8k,8k,UnixBench,Arithmetic_Int,695171,lps,148271111,247941118,0.5980
IC8k_DC8k,8k,8k,UnixBench,Dhrystone,282757,lps,88330826,187454920,0.4712
IC8k_DC8k,8k,8k,UnixBench,Arithmetic_Double,697235,lps,148654133,248097738,0.5992
IC8k_DC8k,8k,8k,UnixBench,Whetstone,20.542,MWIPS,108624025,251458270,0.4320
IC8k_DC8k,8k,8k,UnixBench,Syscall_Mix,27567,lps,51385207,247869912,0.2073
IC8k_DC8k,8k,8k,UnixBench,Syscall_GetPID,227772,lps,61045426,246529333,0.2476
IC8k_DC8k,8k,8k,UnixBench,Syscall_Exec,23,lps,2912485,22245193,0.1309
IC8k_DC8k,8k,8k,UnixBench,Pipe_Throughput,12992,lps,48078631,248027597,0.1938
IC8k_DC8k,8k,8k,UnixBench,Context_Switching,1199,lps,15414625,114809915,0.1343
IC16k_DC16k,16k,16k,NPB,EP,0.13,Mop/s,2075071110,6343358659,0.3271
IC16k_DC16k,16k,16k,NPB,IS,0.63,Mop/s,7336994,25741701,0.2850
IC16k_DC16k,16k,16k,NPB,CG,1.01,Mop/s,344421064,1628138146,0.2115
IC16k_DC16k,16k,16k,NPB,MG,1.36,Mop/s,33088355,138565153,0.2388
IC16k_DC16k,16k,16k,NPB,FT,1.43,Mop/s,572784279,3083445722,0.1858
IC16k_DC16k,16k,16k,NPB,BT,2.45,Mop/s,542154547,2307402919,0.2350
IC16k_DC16k,16k,16k,NPB,SP,1.48,Mop/s,348972595,1619749726,0.2154
IC16k_DC16k,16k,16k,NPB,LU,3.46,Mop/s,196990048,734052965,0.2684
IC16k_DC16k,16k,16k,UnixBench,Arithmetic_Overhead,24834939,lps,105086452,248210932,0.4234
IC16k_DC16k,16k,16k,UnixBench,Arithmetic_Register,722770,lps,153920090,248405323,0.6196
IC16k_DC16k,16k,16k,UnixBench,Arithmetic_Short,723734,lps,154125909,248332596,0.6206
IC16k_DC16k,16k,16k,UnixBench,Arithmetic_Int,721752,lps,153708928,248111479,0.6195
IC16k_DC16k,16k,16k,UnixBench,Dhrystone,306222,lps,95425479,193175067,0.4940
IC16k_DC16k,16k,16k,UnixBench,Arithmetic_Double,722419,lps,153850615,248333302,0.6195
IC16k_DC16k,16k,16k,UnixBench,Whetstone,21.608,MWIPS,113755298,251453613,0.4524
IC16k_DC16k,16k,16k,UnixBench,Syscall_Mix,30333,lps,55957651,248041519,0.2256
IC16k_DC16k,16k,16k,UnixBench,Syscall_GetPID,242837,lps,64710866,246781892,0.2622
IC16k_DC16k,16k,16k,UnixBench,Syscall_Exec,26,lps,2806422,19362087,0.1449
IC16k_DC16k,16k,16k,UnixBench,Pipe_Throughput,16528,lps,59415809,248419210,0.2392
IC16k_DC16k,16k,16k,UnixBench,Context_Switching,1551,lps,19261358,114410325,0.1684
IC16k_DC4k,16k,4k,NPB,EP,0.13,Mop/s,2078934688,6513093960,0.3192
IC16k_DC4k,16k,4k,NPB,IS,0.49,Mop/s,7509393,33095316,0.2269
IC16k_DC4k,16k,4k,NPB,CG,0.83,Mop/s,352384824,1978679125,0.1781
IC16k_DC4k,16k,4k,NPB,MG,1.15,Mop/s,33674048,163972174,0.2054
IC16k_DC4k,16k,4k,NPB,FT,1.29,Mop/s,580043942,3408236476,0.1702
IC16k_DC4k,16k,4k,NPB,BT,2.34,Mop/s,544541417,2419229810,0.2251
IC16k_DC4k,16k,4k,NPB,SP,1.33,Mop/s,353153834,1801092744,0.1961
IC16k_DC4k,16k,4k,NPB,LU,3.17,Mop/s,198499284,800708781,0.2479
IC16k_DC4k,16k,4k,UnixBench,Arithmetic_Overhead,24291405,lps,102905029,247941069,0.4150
IC16k_DC4k,16k,4k,UnixBench,Arithmetic_Register,708517,lps,151002000,248014861,0.6088
IC16k_DC4k,16k,4k,UnixBench,Arithmetic_Short,706677,lps,150633502,247912114,0.6076
IC16k_DC4k,16k,4k,UnixBench,Arithmetic_Int,708082,lps,150902473,248027055,0.6084
IC16k_DC4k,16k,4k,UnixBench,Dhrystone,287222,lps,89635654,186303148,0.4811
IC16k_DC4k,16k,4k,UnixBench,Arithmetic_Double,707660,lps,150832625,247927605,0.6084
IC16k_DC4k,16k,4k,UnixBench,Whetstone,20.994,MWIPS,113911944,258420195,0.4408
IC16k_DC4k,16k,4k,UnixBench,Syscall_Mix,26841,lps,50180836,247961779,0.2024
IC16k_DC4k,16k,4k,UnixBench,Syscall_GetPID,224600,lps,60298606,246140383,0.2450
IC16k_DC4k,16k,4k,UnixBench,Syscall_Exec,23,lps,2809904,21121591,0.1330
IC16k_DC4k,16k,4k,UnixBench,Pipe_Throughput,14124,lps,51707157,247990723,0.2085
IC16k_DC4k,16k,4k,UnixBench,Context_Switching,1264,lps,16029003,115870818,0.1383
IC2k_DC2k,2k,2k,NPB,EP,0.11,Mop/s,2100364952,7419996428,0.2831
IC2k_DC2k,2k,2k,NPB,IS,0,-,0,0,0
IC2k_DC2k,2k,2k,NPB,CG,0.70,Mop/s,360847614,2336992832,0.1544
IC2k_DC2k,2k,2k,NPB,MG,0.88,Mop/s,34834882,214642548,0.1623
IC2k_DC2k,2k,2k,NPB,FT,1.13,Mop/s,591026589,3861630895,0.1531
IC2k_DC2k,2k,2k,NPB,BT,1.82,Mop/s,560500973,3096852715,0.1810
IC2k_DC2k,2k,2k,NPB,SP,1.02,Mop/s,365826688,2338408676,0.1564
IC2k_DC2k,2k,2k,NPB,LU,2.17,Mop/s,207031248,1165574349,0.1776
IC2k_DC2k,2k,2k,UnixBench,Arithmetic_Overhead,21555149,lps,91941501,247399150,0.3716
IC2k_DC2k,2k,2k,UnixBench,Arithmetic_Register,627405,lps,134358928,247423317,0.5430
IC2k_DC2k,2k,2k,UnixBench,Arithmetic_Short,626769,lps,134228104,247255302,0.5429
IC2k_DC2k,2k,2k,UnixBench,Arithmetic_Int,627219,lps,134327807,247332864,0.5431
IC2k_DC2k,2k,2k,UnixBench,Dhrystone,234332,lps,73670335,172991192,0.4259
IC2k_DC2k,2k,2k,UnixBench,Arithmetic_Double,625759,lps,134038690,246881703,0.5429
IC2k_DC2k,2k,2k,UnixBench,Whetstone,16.962,MWIPS,87865925,242004036,0.3631
IC2k_DC2k,2k,2k,UnixBench,Syscall_Mix,15808,lps,31985760,246558429,0.1297
IC2k_DC2k,2k,2k,UnixBench,Syscall_GetPID,167404,lps,46406446,245007559,0.1894
IC2k_DC2k,2k,2k,UnixBench,Syscall_Exec,16,lps,2357106,22112652,0.1066
IC2k_DC2k,2k,2k,UnixBench,Pipe_Throughput,6324,lps,26653547,247402204,0.1077
IC2k_DC2k,2k,2k,UnixBench,Context_Switching,709,lps,11755985,114697514,0.1025
IC2k_DC4k,2k,4k,NPB,EP,0.12,Mop/s,2095388797,7197571863,0.2911
IC2k_DC4k,2k,4k,NPB,IS,0,-,0,0,0
IC2k_DC4k,2k,4k,NPB,CG,0.76,Mop/s,356741160,2160808975,0.1651
IC2k_DC4k,2k,4k,NPB,MG,1.03,Mop/s,34102286,181696347,0.1877
IC2k_DC4k,2k,4k,NPB,FT,1.17,Mop/s,588373600,3747204305,0.1570
IC2k_DC4k,2k,4k,NPB,BT,1.92,Mop/s,557122281,2946450745,0.1891
IC2k_DC4k,2k,4k,NPB,SP,1.13,Mop/s,360552555,2108998752,0.1710
IC2k_DC4k,2k,4k,NPB,LU,2.35,Mop/s,205058461,1077379728,0.1903
IC2k_DC4k,2k,4k,UnixBench,Arithmetic_Overhead,22192094,lps,94506576,247625964,0.3817
IC2k_DC4k,2k,4k,UnixBench,Arithmetic_Register,644826,lps,137924389,247431277,0.5574
IC2k_DC4k,2k,4k,UnixBench,Arithmetic_Short,644022,lps,137782201,247197026,0.5574
IC2k_DC4k,2k,4k,UnixBench,Arithmetic_Int,644355,lps,137844129,247493764,0.5570
IC2k_DC4k,2k,4k,UnixBench,Dhrystone,250566,lps,78583521,178908701,0.4392
IC2k_DC4k,2k,4k,UnixBench,Arithmetic_Double,641469,lps,137283113,246763807,0.5563
IC2k_DC4k,2k,4k,UnixBench,Whetstone,18.061,MWIPS,93003256,242164342,0.3841
IC2k_DC4k,2k,4k,UnixBench,Syscall_Mix,18034,lps,35630780,247359677,0.1440
IC2k_DC4k,2k,4k,UnixBench,Syscall_GetPID,195355,lps,53211430,245384434,0.2168
IC2k_DC4k,2k,4k,UnixBench,Syscall_Exec,18,lps,2509594,22122573,0.1134
IC2k_DC4k,2k,4k,UnixBench,Pipe_Throughput,7685,lps,31038557,247603846,0.1254
IC2k_DC4k,2k,4k,UnixBench,Context_Switching,929,lps,13083546,118479538,0.1104
IC4k_DC16k,4k,16k,NPB,EP,0.12,Mop/s,2087062033,6864898612,0.3040
IC4k_DC16k,4k,16k,NPB,IS,0.58,Mop/s,7376174,27785090,0.2655
IC4k_DC16k,4k,16k,NPB,CG,0.94,Mop/s,347266689,1757025890,0.1976
IC4k_DC16k,4k,16k,NPB,MG,1.26,Mop/s,33326361,149492515,0.2229
IC4k_DC16k,4k,16k,NPB,FT,1.32,Mop/s,578554224,3335619730,0.1734
IC4k_DC16k,4k,16k,NPB,BT,2.26,Mop/s,546747067,2507323442,0.2181
IC4k_DC16k,4k,16k,NPB,SP,1.34,Mop/s,352789729,1781032542,0.1981
IC4k_DC16k,4k,16k,NPB,LU,3.16,Mop/s,198562316,801314824,0.2478
IC4k_DC16k,4k,16k,UnixBench,Arithmetic_Overhead,23148062,lps,98331179,247817166,0.3968
IC4k_DC16k,4k,16k,UnixBench,Arithmetic_Register,672212,lps,143551549,247791595,0.5793
IC4k_DC16k,4k,16k,UnixBench,Arithmetic_Short,674622,lps,144039112,248136844,0.5805
IC4k_DC16k,4k,16k,UnixBench,Arithmetic_Int,671610,lps,143435851,247806980,0.5788
IC4k_DC16k,4k,16k,UnixBench,Dhrystone,274094,lps,85759071,187275408,0.4579
IC4k_DC16k,4k,16k,UnixBench,Arithmetic_Double,671728,lps,143461514,247798861,0.5789
IC4k_DC16k,4k,16k,UnixBench,Whetstone,20.007,MWIPS,103323218,245492595,0.4209
IC4k_DC16k,4k,16k,UnixBench,Syscall_Mix,23759,lps,45084398,248056171,0.1818
IC4k_DC16k,4k,16k,UnixBench,Syscall_GetPID,217681,lps,58614873,246330675,0.2380
IC4k_DC16k,4k,16k,UnixBench,Syscall_Exec,22,lps,2620115,20402738,0.1284
IC4k_DC16k,4k,16k,UnixBench,Pipe_Throughput,10249,lps,39280980,247909196,0.1584
IC4k_DC16k,4k,16k,UnixBench,Context_Switching,1125,lps,15545860,116675365,0.1332
IC4k_DC2k,4k,2k,NPB,EP,0.11,Mop/s,2097196265,7274469860,0.2883
IC4k_DC2k,4k,2k,NPB,IS,0.40,Mop/s,7678278,40774199,0.1883
IC4k_DC2k,4k,2k,NPB,CG,0.72,Mop/s,359828753,2293742892,0.1569
IC4k_DC2k,4k,2k,NPB,MG,0.89,Mop/s,34736936,210174653,0.1653
IC4k_DC2k,4k,2k,NPB,FT,1.16,Mop/s,589183444,3782411008,0.1558
IC4k_DC2k,4k,2k,NPB,BT,2.04,Mop/s,552886024,2765520301,0.1999
IC4k_DC2k,4k,2k,NPB,SP,1.10,Mop/s,362205153,2180793787,0.1661
IC4k_DC2k,4k,2k,NPB,LU,2.61,Mop/s,202587078,969523783,0.2090
IC4k_DC2k,4k,2k,UnixBench,Arithmetic_Overhead,22046488,lps,93901465,247458493,0.3795
IC4k_DC2k,4k,2k,UnixBench,Arithmetic_Register,641626,lps,137284343,247463676,0.5548
IC4k_DC2k,4k,2k,UnixBench,Arithmetic_Short,640842,lps,137128594,247391990,0.5543
IC4k_DC2k,4k,2k,UnixBench,Arithmetic_Int,638502,lps,136669134,246905737,0.5535
IC4k_DC2k,4k,2k,UnixBench,Dhrystone,246952,lps,77503368,177933845,0.4356
IC4k_DC2k,4k,2k,UnixBench,Arithmetic_Double,640697,lps,137100790,247297522,0.5544
IC4k_DC2k,4k,2k,UnixBench,Whetstone,18.359,MWIPS,98353225,252663889,0.3893
IC4k_DC2k,4k,2k,UnixBench,Syscall_Mix,19543,lps,38151592,246267932,0.1549
IC4k_DC2k,4k,2k,UnixBench,Syscall_GetPID,208104,lps,56293291,245180915,0.2296
IC4k_DC2k,4k,2k,UnixBench,Syscall_Exec,17,lps,2254206,20002225,0.1127
IC4k_DC2k,4k,2k,UnixBench,Pipe_Throughput,7110,lps,29217166,247279904,0.1182
IC4k_DC2k,4k,2k,UnixBench,Context_Switching,906,lps,12488778,116212933,0.1075
IC4k_DC4k,4k,4k,NPB,EP,0.12,Mop/s,2091638724,7038667632,0.2972
IC4k_DC4k,4k,4k,NPB,IS,0.46,Mop/s,7586570,35384279,0.2144
IC4k_DC4k,4k,4k,NPB,CG,0.78,Mop/s,355704143,2114613585,0.1682
IC4k_DC4k,4k,4k,NPB,MG,1.07,Mop/s,33938897,175049730,0.1939
IC4k_DC4k,4k,4k,NPB,FT,1.20,Mop/s,586560861,3667030675,0.1600
IC4k_DC4k,4k,4k,NPB,BT,2.16,Mop/s,549523059,2618399841,0.2099
IC4k_DC4k,4k,4k,NPB,SP,1.22,Mop/s,357055113,1958547830,0.1823
IC4k_DC4k,4k,4k,NPB,LU,2.91,Mop/s,200285641,869597727,0.2303
IC4k_DC4k,4k,4k,UnixBench,Arithmetic_Overhead,22628240,lps,96271704,247581510,0.3888
IC4k_DC4k,4k,4k,UnixBench,Arithmetic_Register,658912,lps,140837569,247540260,0.5689
IC4k_DC4k,4k,4k,UnixBench,Arithmetic_Short,658670,lps,140776235,247558478,0.5687
IC4k_DC4k,4k,4k,UnixBench,Arithmetic_Int,659125,lps,140869925,247511524,0.5691
IC4k_DC4k,4k,4k,UnixBench,Dhrystone,259084,lps,81199600,181600385,0.4471
IC4k_DC4k,4k,4k,UnixBench,Arithmetic_Double,658233,lps,140710087,247355030,0.5689
IC4k_DC4k,4k,4k,UnixBench,Whetstone,19.447,MWIPS,103545287,252319757,0.4104
IC4k_DC4k,4k,4k,UnixBench,Syscall_Mix,22096,lps,42358902,247405686,0.1712
IC4k_DC4k,4k,4k,UnixBench,Syscall_GetPID,186856,lps,51189504,244971042,0.2090
IC4k_DC4k,4k,4k,UnixBench,Syscall_Exec,20,lps,2526567,21153771,0.1194
IC4k_DC4k,4k,4k,UnixBench,Pipe_Throughput,8890,lps,34930412,247428683,0.1412
IC4k_DC4k,4k,4k,UnixBench,Context_Switching,832,lps,13867992,118318985,0.1172
IC4k_DC8k,4k,8k,NPB,EP,0.12,Mop/s,2088863478,6943545632,0.3008
IC4k_DC8k,4k,8k,NPB,IS,0.53,Mop/s,7444831,30538496,0.2438
IC4k_DC8k,4k,8k,NPB,CG,0.84,Mop/s,351891784,1958005934,0.1797
IC4k_DC8k,4k,8k,NPB,MG,1.15,Mop/s,33661677,163071207,0.2064
IC4k_DC8k,4k,8k,NPB,FT,1.25,Mop/s,582817844,3521838112,0.1655
IC4k_DC8k,4k,8k,NPB,BT,2.21,Mop/s,547975652,2563713452,0.2137
IC4k_DC8k,4k,8k,NPB,SP,1.28,Mop/s,354677055,1865665462,0.1901
IC4k_DC8k,4k,8k,NPB,LU,3.07,Mop/s,199182841,825303369,0.2413
IC4k_DC8k,4k,8k,UnixBench,Arithmetic_Overhead,22969982,lps,97614549,247856952,0.3938
IC4k_DC8k,4k,8k,UnixBench,Arithmetic_Register,666850,lps,142443779,247842465,0.5747
IC4k_DC8k,4k,8k,UnixBench,Arithmetic_Short,667524,lps,142596110,247743942,0.5756
IC4k_DC8k,4k,8k,UnixBench,Arithmetic_Int,666176,lps,142320447,247655967,0.5747
IC4k_DC8k,4k,8k,UnixBench,Dhrystone,268523,lps,84014246,184839334,0.4545
IC4k_DC8k,4k,8k,UnixBench,Arithmetic_Double,667577,lps,142587052,247840155,0.5753
IC4k_DC8k,4k,8k,UnixBench,Whetstone,19.801,MWIPS,103387446,247910304,0.4170
IC4k_DC8k,4k,8k,UnixBench,Syscall_Mix,23831,lps,45213232,247626718,0.1826
IC4k_DC8k,4k,8k,UnixBench,Syscall_GetPID,220606,lps,59324768,245654186,0.2415
IC4k_DC8k,4k,8k,UnixBench,Syscall_Exec,21,lps,2564453,20773850,0.1234
IC4k_DC8k,4k,8k,UnixBench,Pipe_Throughput,10005,lps,38461379,247829493,0.1552
IC4k_DC8k,4k,8k,UnixBench,Context_Switching,1020,lps,14745466,118660465,0.1243
IC8k_DC4k,8k,4k,NPB,EP,0.12,Mop/s,2085148280,6768003829,0.3081
IC8k_DC4k,8k,4k,NPB,IS,0,-,0,0,0
IC8k_DC4k,8k,4k,NPB,CG,0.81,Mop/s,353978409,2045984976,0.1730
IC8k_DC4k,8k,4k,NPB,MG,1.11,Mop/s,33797652,169335863,0.1996
IC8k_DC4k,8k,4k,NPB,FT,1.24,Mop/s,583382791,3537582089,0.1649
IC8k_DC4k,8k,4k,NPB,BT,2.24,Mop/s,547225944,2526405817,0.2166
IC8k_DC4k,8k,4k,NPB,SP,1.27,Mop/s,355390483,1891029560,0.1879
IC8k_DC4k,8k,4k,NPB,LU,3.02,Mop/s,199474327,837823633,0.2381
IC8k_DC4k,8k,4k,UnixBench,Arithmetic_Overhead,23586181,lps,100091988,247759118,0.4040
IC8k_DC4k,8k,4k,UnixBench,Arithmetic_Register,685014,lps,146177256,247573335,0.5904
IC8k_DC4k,8k,4k,UnixBench,Arithmetic_Short,685993,lps,146376084,247771244,0.5908
IC8k_DC4k,8k,4k,UnixBench,Arithmetic_Int,686688,lps,146508267,247860129,0.5911
IC8k_DC4k,8k,4k,UnixBench,Dhrystone,275319,lps,86089499,185277265,0.4647
IC8k_DC4k,8k,4k,UnixBench,Arithmetic_Double,687213,lps,146627362,247967667,0.5913
IC8k_DC4k,8k,4k,UnixBench,Whetstone,20.241,MWIPS,108699641,255019906,0.4262
IC8k_DC4k,8k,4k,UnixBench,Syscall_Mix,26456,lps,49559608,247650712,0.2001
IC8k_DC4k,8k,4k,UnixBench,Syscall_GetPID,197175,lps,53626998,246161188,0.2179
IC8k_DC4k,8k,4k,UnixBench,Syscall_Exec,21,lps,2509537,19811412,0.1267
IC8k_DC4k,8k,4k,UnixBench,Pipe_Throughput,11279,lps,42584213,247742577,0.1719
IC8k_DC4k,8k,4k,UnixBench,Context_Switching,1021,lps,14817953,119389352,0.1241
IC8k_DC8k,8k,8k,NPB,EP,0.12,Mop/s,2082276545,6654555554,0.3129
IC8k_DC8k,8k,8k,NPB,IS,0,-,0,0,0
IC8k_DC8k,8k,8k,NPB,CG,0.88,Mop/s,350118557,1878724263,0.1864
IC8k_DC8k,8k,8k,NPB,MG,1.20,Mop/s,33515075,156598133,0.2140
IC8k_DC8k,8k,8k,NPB,FT,1.30,Mop/s,579564010,3382819309,0.1713
IC8k_DC8k,8k,8k,NPB,BT,2.30,Mop/s,545654362,2465674657,0.2213
IC8k_DC8k,8k,8k,NPB,SP,1.35,Mop/s,352680853,1781090173,0.1980
IC8k_DC8k,8k,8k,NPB,LU,3.20,Mop/s,198332394,792936767,0.2501
IC8k_DC8k,8k,8k,UnixBench,Arithmetic_Overhead,23840363,lps,101109735,247795627,0.4080
IC8k_DC8k,8k,8k,UnixBench,Arithmetic_Register,694132,lps,148039890,247865411,0.5973
IC8k_DC8k,8k,8k,UnixBench,Arithmetic_Short,695657,lps,148360226,248011039,0.5982
IC8k_DC8k,8k,8k,UnixBench,Arithmetic_Int,695242,lps,148247922,248035321,0.5977
IC8k_DC8k,8k,8k,UnixBench,Dhrystone,283883,lps,88652952,187555021,0.4727
IC8k_DC8k,8k,8k,UnixBench,Arithmetic_Double,692403,lps,147725126,247546489,0.5968
IC8k_DC8k,8k,8k,UnixBench,Whetstone,20.577,MWIPS,108606240,251008334,0.4327
IC8k_DC8k,8k,8k,UnixBench,Syscall_Mix,27507,lps,51285250,247816019,0.2069
IC8k_DC8k,8k,8k,UnixBench,Syscall_GetPID,233513,lps,62417711,246806194,0.2529
IC8k_DC8k,8k,8k,UnixBench,Syscall_Exec,23,lps,2917267,22194715,0.1314
IC8k_DC8k,8k,8k,UnixBench,Pipe_Throughput,12968,lps,47983418,247950181,0.1935
IC8k_DC8k,8k,8k,UnixBench,Context_Switching,1228,lps,15730579,116626073,0.1349
IC16k_DC16k,16k,16k,NPB,EP,0.13,Mop/s,2075485138,6352978394,0.3267
IC16k_DC16k,16k,16k,NPB,IS,0.63,Mop/s,7331668,25941033,0.2826
IC16k_DC16k,16k,16k,NPB,CG,1.01,Mop/s,344623600,1636757596,0.2106
IC16k_DC16k,16k,16k,NPB,MG,1.35,Mop/s,33119606,139212823,0.2379
IC16k_DC16k,16k,16k,NPB,FT,1.42,Mop/s,573143262,3094842434,0.1852
IC16k_DC16k,16k,16k,NPB,BT,2.45,Mop/s,542323355,2313588213,0.2344
IC16k_DC16k,16k,16k,NPB,SP,1.47,Mop/s,349334510,1628330672,0.2145
IC16k_DC16k,16k,16k,NPB,LU,3.42,Mop/s,197319529,738193286,0.2673
IC16k_DC16k,16k,16k,UnixBench,Arithmetic_Overhead,24296641,lps,103055264,244239256,0.4219
IC16k_DC16k,16k,16k,UnixBench,Arithmetic_Register,708880,lps,151154014,244528920,0.6181
IC16k_DC16k,16k,16k,UnixBench,Arithmetic_Short,712995,lps,151983044,245504063,0.6191
IC16k_DC16k,16k,16k,UnixBench,Arithmetic_Int,712480,lps,151894624,245655119,0.6183
IC16k_DC16k,16k,16k,UnixBench,Dhrystone,298812,lps,93237776,189099279,0.4931
IC16k_DC16k,16k,16k,UnixBench,Arithmetic_Double,711598,lps,151722627,245364963,0.6184
IC16k_DC16k,16k,16k,UnixBench,Whetstone,21.337,MWIPS,113880230,252267059,0.4514
IC16k_DC16k,16k,16k,UnixBench,Syscall_Mix,29188,lps,54157312,245243470,0.2208
IC16k_DC16k,16k,16k,UnixBench,Syscall_GetPID,214740,lps,57892951,248218584,0.2332
IC16k_DC16k,16k,16k,UnixBench,Syscall_Exec,26,lps,2821293,19462631,0.1450
IC16k_DC16k,16k,16k,UnixBench,Pipe_Throughput,0,-,0,0,0
IC16k_DC4k,16k,4k,NPB,EP,0.13,Mop/s,2079036662,6515972824,0.3191
IC16k_DC4k,16k,4k,NPB,IS,0,-,0,0,0
IC16k_DC4k,16k,4k,NPB,CG,0.84,Mop/s,352364199,1977460232,0.1782
IC16k_DC4k,16k,4k,NPB,MG,1.15,Mop/s,33645720,163126489,0.2063
IC16k_DC4k,16k,4k,NPB,FT,1.29,Mop/s,580289768,3408482146,0.1702
IC16k_DC4k,16k,4k,NPB,BT,2.34,Mop/s,544710010,2418834843,0.2252
IC16k_DC4k,16k,4k,NPB,SP,1.33,Mop/s,353215505,1798511360,0.1964
IC16k_DC4k,16k,4k,NPB,LU,3.17,Mop/s,198507409,798927031,0.2485
IC16k_DC4k,16k,4k,UnixBench,Arithmetic_Overhead,24314917,lps,103020827,248012159,0.4154
IC16k_DC4k,16k,4k,UnixBench,Arithmetic_Register,708247,lps,150951135,248007421,0.6087
IC16k_DC4k,16k,4k,UnixBench,Arithmetic_Short,709495,lps,151191483,248240118,0.6091
IC16k_DC4k,16k,4k,UnixBench,Arithmetic_Int,707986,lps,150902562,247992711,0.6085
IC16k_DC4k,16k,4k,UnixBench,Dhrystone,290372,lps,90610687,188149885,0.4816
IC16k_DC4k,16k,4k,UnixBench,Arithmetic_Double,709177,lps,151134373,248040514,0.6093
IC16k_DC4k,16k,4k,UnixBench,Whetstone,21.050,MWIPS,113889624,257931771,0.4415
IC16k_DC4k,16k,4k,UnixBench,Syscall_Mix,26961,lps,50390851,248042657,0.2032
IC16k_DC4k,16k,4k,UnixBench,Syscall_GetPID,223172,lps,59939978,246542587,0.2431
IC16k_DC4k,16k,4k,UnixBench,Syscall_Exec,23,lps,2923605,21997544,0.1329
IC16k_DC4k,16k,4k,UnixBench,Pipe_Throughput,13745,lps,50481109,248192916,0.2034
IC16k_DC4k,16k,4k,UnixBench,Context_Switching,1265,lps,16163775,116453766,0.1388
IC2k_DC2k,2k,2k,NPB,EP,0.11,Mop/s,2101040343,7434708261,0.2826
IC2k_DC2k,2k,2k,NPB,IS,0,-,0,0,0
IC2k_DC2k,2k,2k,NPB,CG,0.70,Mop/s,360956111,2340195511,0.1542
IC2k_DC2k,2k,2k,NPB,MG,0.86,Mop/s,34904665,217297219,0.1606
IC2k_DC2k,2k,2k,NPB,FT,1.13,Mop/s,591332343,3868969767,0.1528
IC2k_DC2k,2k,2k,NPB,BT,1.82,Mop/s,560711302,3099315747,0.1809
IC2k_DC2k,2k,2k,NPB,SP,1.03,Mop/s,365670910,2327261084,0.1571
IC2k_DC2k,2k,2k,NPB,LU,2.16,Mop/s,207171725,1169084023,0.1772
IC2k_DC2k,2k,2k,UnixBench,Arithmetic_Overhead,21546339,lps,91942280,247129054,0.3720
IC2k_DC2k,2k,2k,UnixBench,Arithmetic_Register,628564,lps,134593385,247466151,0.5439
IC2k_DC2k,2k,2k,UnixBench,Arithmetic_Short,626388,lps,134158358,247065925,0.5430
IC2k_DC2k,2k,2k,UnixBench,Arithmetic_Int,625833,lps,134061990,246986823,0.5428
IC2k_DC2k,2k,2k,UnixBench,Dhrystone,236533,lps,74365991,174474932,0.4262
IC2k_DC2k,2k,2k,UnixBench,Arithmetic_Double,627540,lps,134400875,247316568,0.5434
IC2k_DC2k,2k,2k,UnixBench,Whetstone,17.008,MWIPS,87850466,241382850,0.3639
IC2k_DC2k,2k,2k,UnixBench,Syscall_Mix,15947,lps,32180364,246619239,0.1305
IC2k_DC2k,2k,2k,UnixBench,Syscall_GetPID,193173,lps,52657230,244791335,0.2151
IC2k_DC2k,2k,2k,UnixBench,Syscall_Exec,16,lps,2516107,23596301,0.1066
IC2k_DC2k,2k,2k,UnixBench,Pipe_Throughput,6314,lps,26659734,247077260,0.1079
IC2k_DC2k,2k,2k,UnixBench,Context_Switching,705,lps,11377304,110539076,0.1029
IC2k_DC4k,2k,4k,NPB,EP,0.12,Mop/s,2095572423,7207241103,0.2908
IC2k_DC4k,2k,4k,NPB,IS,0,-,0,0,0
IC2k_DC4k,2k,4k,NPB,CG,0.76,Mop/s,357043202,2174263049,0.1642
IC2k_DC4k,2k,4k,NPB,MG,1.04,Mop/s,34024087,180156865,0.1889
IC2k_DC4k,2k,4k,NPB,FT,1.17,Mop/s,588320932,3755959844,0.1566
IC2k_DC4k,2k,4k,NPB,BT,1.91,Mop/s,557046222,2953783254,0.1886
IC2k_DC4k,2k,4k,NPB,SP,1.13,Mop/s,360617327,2118429024,0.1702
IC2k_DC4k,2k,4k,NPB,LU,2.33,Mop/s,205154943,1081241480,0.1897
IC2k_DC4k,2k,4k,UnixBench,Arithmetic_Overhead,21983023,lps,93691811,246241364,0.3805
IC2k_DC4k,2k,4k,UnixBench,Arithmetic_Register,636226,lps,136225275,245661753,0.5545
IC2k_DC4k,2k,4k,UnixBench,Arithmetic_Short,639478,lps,136858286,246118396,0.5561
IC2k_DC4k,2k,4k,UnixBench,Arithmetic_Int,639468,lps,136863708,246319202,0.5556
IC2k_DC4k,2k,4k,UnixBench,Dhrystone,246151,lps,77250275,176354344,0.4380
IC2k_DC4k,2k,4k,UnixBench,Arithmetic_Double,630331,lps,135013344,243697709,0.5540
IC2k_DC4k,2k,4k,UnixBench,Whetstone,17.889,MWIPS,93066221,243036247,0.3829
IC2k_DC4k,2k,4k,UnixBench,Syscall_Mix,17790,lps,35243801,245260536,0.1437
IC2k_DC4k,2k,4k,UnixBench,Syscall_GetPID,199725,lps,54230880,247597492,0.2190
IC2k_DC4k,2k,4k,UnixBench,Syscall_Exec,18,lps,2446410,21593374,0.1133
IC2k_DC4k,2k,4k,UnixBench,Pipe_Throughput,7627,lps,30857738,247592877,0.1246
IC2k_DC4k,2k,4k,UnixBench,Context_Switching,0,-,0,0,0
IC4k_DC16k,4k,16k,NPB,EP,0.12,Mop/s,2087323966,6862747409,0.3042
IC4k_DC16k,4k,16k,NPB,IS,0,-,0,0,0
IC4k_DC16k,4k,16k,NPB,CG,0.94,Mop/s,347317010,1756102754,0.1978
IC4k_DC16k,4k,16k,NPB,MG,1.26,Mop/s,33352086,149499879,0.2231
IC4k_DC16k,4k,16k,NPB,FT,1.32,Mop/s,578711222,3335422144,0.1735
IC4k_DC16k,4k,16k,NPB,BT,2.26,Mop/s,546821281,2506026903,0.2182
IC4k_DC16k,4k,16k,NPB,SP,1.35,Mop/s,352698254,1778520663,0.1983
IC4k_DC16k,4k,16k,NPB,LU,3.17,Mop/s,198520360,800710486,0.2479
IC4k_DC16k,4k,16k,UnixBench,Arithmetic_Overhead,23142640,lps,98308678,247832377,0.3967
IC4k_DC16k,4k,16k,UnixBench,Arithmetic_Register,674185,lps,143948615,247903490,0.5807
IC4k_DC16k,4k,16k,UnixBench,Arithmetic_Short,674398,lps,143987114,247923667,0.5808
IC4k_DC16k,4k,16k,UnixBench,Arithmetic_Int,674705,lps,144052726,248040559,0.5808
IC4k_DC16k,4k,16k,UnixBench,Dhrystone,274024,lps,85751240,187455414,0.4574
IC4k_DC16k,4k,16k,UnixBench,Arithmetic_Double,673801,lps,143870449,247797557,0.5806
IC4k_DC16k,4k,16k,UnixBench,Whetstone,19.992,MWIPS,103325749,245350446,0.4211
IC4k_DC16k,4k,16k,UnixBench,Syscall_Mix,24451,lps,46243432,247790272,0.1866
IC4k_DC16k,4k,16k,UnixBench,Syscall_GetPID,205943,lps,55752743,246194166,0.2265
IC4k_DC16k,4k,16k,UnixBench,Syscall_Exec,22,lps,2795621,21740839,0.1286
IC4k_DC16k,4k,16k,UnixBench,Pipe_Throughput,10246,lps,39272267,247564874,0.1586
IC4k_DC16k,4k,16k,UnixBench,Context_Switching,1135,lps,15855583,118775743,0.1335
IC4k_DC2k,4k,2k,NPB,EP,0.11,Mop/s,2096992178,7268438498,0.2885
IC4k_DC2k,4k,2k,NPB,IS,0,-,0,0,0
IC4k_DC2k,4k,2k,NPB,CG,0.72,Mop/s,359725723,2291926398,0.1570
IC4k_DC2k,4k,2k,NPB,MG,0.89,Mop/s,34758540,210402417,0.1652
IC4k_DC2k,4k,2k,NPB,FT,1.16,Mop/s,589161165,3781716007,0.1558
IC4k_DC2k,4k,2k,NPB,BT,2.04,Mop/s,552902690,2765546570,0.1999
IC4k_DC2k,4k,2k,NPB,SP,1.10,Mop/s,362212819,2182745644,0.1659
IC4k_DC2k,4k,2k,NPB,LU,2.63,Mop/s,202374379,961953973,0.2104
IC4k_DC2k,4k,2k,UnixBench,Arithmetic_Overhead,22042046,lps,93902911,247291382,0.3797
IC4k_DC2k,4k,2k,UnixBench,Arithmetic_Register,642808,lps,137505839,247581185,0.5554
IC4k_DC2k,4k,2k,UnixBench,Arithmetic_Short,641028,lps,137173420,247314145,0.5547
IC4k_DC2k,4k,2k,UnixBench,Arithmetic_Int,643041,lps,137548114,247608173,0.5555
IC4k_DC2k,4k,2k,UnixBench,Dhrystone,247070,lps,77527174,177707318,0.4363
IC4k_DC2k,4k,2k,UnixBench,Arithmetic_Double,637964,lps,136571203,246574845,0.5539
IC4k_DC2k,4k,2k,UnixBench,Whetstone,17.761,MWIPS,93093118,246177775,0.3782
IC4k_DC2k,4k,2k,UnixBench,Syscall_Mix,20132,lps,39078702,247436995,0.1579
IC4k_DC2k,4k,2k,UnixBench,Syscall_GetPID,173027,lps,47822325,244804425,0.1953
IC4k_DC2k,4k,2k,UnixBench,Syscall_Exec,17,lps,2255591,20063966,0.1124
IC4k_DC2k,4k,2k,UnixBench,Pipe_Throughput,7161,lps,29367491,247376498,0.1187
IC4k_DC2k,4k,2k,UnixBench,Context_Switching,899,lps,12686605,118187300,0.1073
IC4k_DC4k,4k,4k,NPB,EP,0.12,Mop/s,2091668002,7039501394,0.2971
IC4k_DC4k,4k,4k,NPB,IS,0.46,Mop/s,7563179,35208183,0.2148
IC4k_DC4k,4k,4k,NPB,CG,0.78,Mop/s,355696154,2115476417,0.1681
IC4k_DC4k,4k,4k,NPB,MG,1.07,Mop/s,33945578,175764773,0.1931
IC4k_DC4k,4k,4k,NPB,FT,1.20,Mop/s,586516878,3668258563,0.1599
IC4k_DC4k,4k,4k,NPB,BT,2.15,Mop/s,549585131,2623536141,0.2095
IC4k_DC4k,4k,4k,NPB,SP,1.22,Mop/s,357217416,1967076617,0.1816
IC4k_DC4k,4k,4k,NPB,LU,2.91,Mop/s,200284621,869695012,0.2303
IC4k_DC4k,4k,4k,UnixBench,Arithmetic_Overhead,22628410,lps,96276482,247438199,0.3891
IC4k_DC4k,4k,4k,UnixBench,Arithmetic_Register,656801,lps,140416558,247294871,0.5678
IC4k_DC4k,4k,4k,UnixBench,Arithmetic_Short,657984,lps,140646738,247484425,0.5683
IC4k_DC4k,4k,4k,UnixBench,Arithmetic_Int,656524,lps,140357251,247241618,0.5677
IC4k_DC4k,4k,4k,UnixBench,Dhrystone,258583,lps,81002244,180904427,0.4478
IC4k_DC4k,4k,4k,UnixBench,Arithmetic_Double,658043,lps,140654558,247514724,0.5683
IC4k_DC4k,4k,4k,UnixBench,Whetstone,19.442,MWIPS,103518330,252129168,0.4106
IC4k_DC4k,4k,4k,UnixBench,Syscall_Mix,22260,lps,42655591,246832132,0.1728
IC4k_DC4k,4k,4k,UnixBench,Syscall_GetPID,202511,lps,54975321,245277791,0.2241
IC4k_DC4k,4k,4k,UnixBench,Syscall_Exec,20,lps,2692659,22490055,0.1197
IC4k_DC4k,4k,4k,UnixBench,Pipe_Throughput,8884,lps,34898396,247634302,0.1409
IC4k_DC4k,4k,4k,UnixBench,Context_Switching,837,lps,14101307,120705171,0.1168
IC4k_DC8k,4k,8k,NPB,EP,0.12,Mop/s,2088514340,6931849098,0.3013
IC4k_DC8k,4k,8k,NPB,IS,0,-,0,0,0
IC4k_DC8k,4k,8k,NPB,CG,0.85,Mop/s,351585288,1946877451,0.1806
IC4k_DC8k,4k,8k,NPB,MG,1.17,Mop/s,33591373,161632016,0.2078
IC4k_DC8k,4k,8k,NPB,FT,1.25,Mop/s,582558572,3511273508,0.1659
IC4k_DC8k,4k,8k,NPB,BT,2.21,Mop/s,547854781,2558163776,0.2142
IC4k_DC8k,4k,8k,NPB,SP,1.29,Mop/s,354500003,1857079833,0.1909
IC4k_DC8k,4k,8k,NPB,LU,3.08,Mop/s,199097544,822906233,0.2419
IC4k_DC8k,4k,8k,UnixBench,Arithmetic_Overhead,22962845,lps,97592337,247799329,0.3938
IC4k_DC8k,4k,8k,UnixBench,Arithmetic_Register,667446,lps,142572906,247818307,0.5753
IC4k_DC8k,4k,8k,UnixBench,Arithmetic_Short,668390,lps,142771238,247833196,0.5761
IC4k_DC8k,4k,8k,UnixBench,Arithmetic_Int,667110,lps,142507968,247819148,0.5750
IC4k_DC8k,4k,8k,UnixBench,Dhrystone,267546,lps,83764817,184554256,0.4539
IC4k_DC8k,4k,8k,UnixBench,Arithmetic_Double,667243,lps,142524482,247738696,0.5753
IC4k_DC8k,4k,8k,UnixBench,Whetstone,19.822,MWIPS,103380353,247633258,0.4175
IC4k_DC8k,4k,8k,UnixBench,Syscall_Mix,23725,lps,45045418,247679954,0.1819
IC4k_DC8k,4k,8k,UnixBench,Syscall_GetPID,206954,lps,56020883,245412120,0.2283
IC4k_DC8k,4k,8k,UnixBench,Syscall_Exec,21,lps,2564480,20655876,0.1242
IC4k_DC8k,4k,8k,UnixBench,Pipe_Throughput,9987,lps,38422352,247767212,0.1551
IC4k_DC8k,4k,8k,UnixBench,Context_Switching,1000,lps,14728738,117510247,0.1253
IC8k_DC4k,8k,4k,NPB,EP,0.12,Mop/s,2084837243,6755910753,0.3086
IC8k_DC4k,8k,4k,NPB,IS,0.48,Mop/s,7507883,33692805,0.2228
IC8k_DC4k,8k,4k,NPB,CG,0.81,Mop/s,353813931,2037375637,0.1737
IC8k_DC4k,8k,4k,NPB,MG,1.11,Mop/s,33796432,168929816,0.2001
IC8k_DC4k,8k,4k,NPB,FT,1.24,Mop/s,583204920,3531076751,0.1652
IC8k_DC4k,8k,4k,NPB,BT,2.24,Mop/s,547157470,2522843882,0.2169
IC8k_DC4k,8k,4k,NPB,SP,1.27,Mop/s,355264520,1884998278,0.1885
IC8k_DC4k,8k,4k,NPB,LU,3.03,Mop/s,199474976,836943649,0.2383
IC8k_DC4k,8k,4k,UnixBench,Arithmetic_Overhead,23516687,lps,99816038,247737794,0.4029
IC8k_DC4k,8k,4k,UnixBench,Arithmetic_Register,686515,lps,146484350,247905099,0.5909
IC8k_DC4k,8k,4k,UnixBench,Arithmetic_Short,686805,lps,146534267,247816659,0.5913
IC8k_DC4k,8k,4k,UnixBench,Arithmetic_Int,686107,lps,146398014,247774162,0.5909
IC8k_DC4k,8k,4k,UnixBench,Dhrystone,276970,lps,86572168,185958853,0.4655
IC8k_DC4k,8k,4k,UnixBench,Arithmetic_Double,686405,lps,146454541,247715117,0.5912
IC8k_DC4k,8k,4k,UnixBench,Whetstone,20.271,MWIPS,108681315,254633786,0.4268
IC8k_DC4k,8k,4k,UnixBench,Syscall_Mix,26313,lps,49320080,247786179,0.1990
IC8k_DC4k,8k,4k,UnixBench,Syscall_GetPID,219715,lps,59106978,245715392,0.2406
IC8k_DC4k,8k,4k,UnixBench,Syscall_Exec,21,lps,2607892,20589369,0.1267
IC8k_DC4k,8k,4k,UnixBench,Pipe_Throughput,11311,lps,42673668,247811135,0.1722
IC8k_DC4k,8k,4k,UnixBench,Context_Switching,1026,lps,14601607,116046272,0.1258
IC8k_DC8k,8k,8k,NPB,EP,0.12,Mop/s,2082251440,6653309884,0.3130
IC8k_DC8k,8k,8k,NPB,IS,0.56,Mop/s,7423281,29169855,0.2545
IC8k_DC8k,8k,8k,NPB,CG,0.88,Mop/s,349930624,1875145025,0.1866
IC8k_DC8k,8k,8k,NPB,MG,1.21,Mop/s,33482520,156148283,0.2144
IC8k_DC8k,8k,8k,NPB,FT,1.30,Mop/s,579482970,3379467363,0.1715
IC8k_DC8k,8k,8k,NPB,BT,2.30,Mop/s,545683209,2464819903,0.2214
IC8k_DC8k,8k,8k,NPB,SP,1.35,Mop/s,352646173,1779042279,0.1982
IC8k_DC8k,8k,8k,NPB,LU,3.20,Mop/s,198294959,791879393,0.2504
IC8k_DC8k,8k,8k,UnixBench,Arithmetic_Overhead,23910276,lps,101399899,248037168,0.4088
IC8k_DC8k,8k,8k,UnixBench,Arithmetic_Register,694684,lps,148147431,247968324,0.5974
IC8k_DC8k,8k,8k,UnixBench,Arithmetic_Short,696184,lps,148457142,248010387,0.5986
IC8k_DC8k,8k,8k,UnixBench,Arithmetic_Int,695423,lps,148298601,248130903,0.5977
IC8k_DC8k,8k,8k,UnixBench,Dhrystone,284157,lps,88766981,188056677,0.4720
IC8k_DC8k,8k,8k,UnixBench,Arithmetic_Double,692482,lps,147746119,247584649,0.5967
IC8k_DC8k,8k,8k,UnixBench,Whetstone,20.658,MWIPS,108569867,250493196,0.4334
IC8k_DC8k,8k,8k,UnixBench,Syscall_Mix,27233,lps,50837147,247946859,0.2050
IC8k_DC8k,8k,8k,UnixBench,Syscall_GetPID,207683,lps,56174312,246612207,0.2278
IC8k_DC8k,8k,8k,UnixBench,Syscall_Exec,23,lps,2683144,20423660,0.1314
IC8k_DC8k,8k,8k,UnixBench,Pipe_Throughput,12946,lps,47936569,247942232,0.1933
IC8k_DC8k,8k,8k,UnixBench,Context_Switching,1236,lps,15707746,116494597,0.1348
IC16k_DC16k,16k,16k,NPB,EP,0.13,Mop/s,2075417262,6355544177,0.3266
IC16k_DC16k,16k,16k,NPB,IS,0.62,Mop/s,7337877,26014637,0.2821
IC16k_DC16k,16k,16k,NPB,CG,1.01,Mop/s,344592031,1636550956,0.2106
IC16k_DC16k,16k,16k,NPB,MG,1.36,Mop/s,33085554,138843786,0.2383
IC16k_DC16k,16k,16k,NPB,FT,1.42,Mop/s,572931371,3090954737,0.1854
IC16k_DC16k,16k,16k,NPB,BT,2.45,Mop/s,542293683,2312715064,0.2345
IC16k_DC16k,16k,16k,NPB,SP,1.47,Mop/s,349309928,1629441413,0.2144
IC16k_DC16k,16k,16k,NPB,LU,3.44,Mop/s,197116445,736724627,0.2676
IC16k_DC16k,16k,16k,UnixBench,Arithmetic_Overhead,24735887,lps,104725448,248123435,0.4221
IC16k_DC16k,16k,16k,UnixBench,Arithmetic_Register,724288,lps,154227275,248423344,0.6208
IC16k_DC16k,16k,16k,UnixBench,Arithmetic_Short,720961,lps,153552291,248085292,0.6189
IC16k_DC16k,16k,16k,UnixBench,Arithmetic_Int,723910,lps,154150137,248370408,0.6206
IC16k_DC16k,16k,16k,UnixBench,Dhrystone,304391,lps,94877520,192546981,0.4927
IC16k_DC16k,16k,16k,UnixBench,Arithmetic_Double,722851,lps,153941259,248054923,0.6206
IC16k_DC16k,16k,16k,UnixBench,Whetstone,21.611,MWIPS,113734516,251513021,0.4522
IC16k_DC16k,16k,16k,UnixBench,Syscall_Mix,29513,lps,54608677,247972621,0.2202
IC16k_DC16k,16k,16k,UnixBench,Syscall_GetPID,225160,lps,60442058,246887690,0.2448
IC16k_DC16k,16k,16k,UnixBench,Syscall_Exec,26,lps,2947745,20277543,0.1454
IC16k_DC16k,16k,16k,UnixBench,Pipe_Throughput,16715,lps,60020497,248007218,0.2420
IC16k_DC16k,16k,16k,UnixBench,Context_Switching,1556,lps,19003021,114704509,0.1657
IC16k_DC4k,16k,4k,NPB,EP,0.13,Mop/s,2078993603,6505116469,0.3196
IC16k_DC4k,16k,4k,NPB,IS,0.50,Mop/s,7500392,32784163,0.2288
IC16k_DC4k,16k,4k,NPB,CG,0.84,Mop/s,352078164,1966519422,0.1790
IC16k_DC4k,16k,4k,NPB,MG,1.15,Mop/s,33655281,162979296,0.2065
IC16k_DC4k,16k,4k,NPB,FT,1.29,Mop/s,579995104,3398953068,0.1706
IC16k_DC4k,16k,4k,NPB,BT,2.35,Mop/s,544500831,2413009385,0.2257
IC16k_DC4k,16k,4k,NPB,SP,1.34,Mop/s,352948365,1789752326,0.1972
IC16k_DC4k,16k,4k,NPB,LU,3.18,Mop/s,198456040,796635915,0.2491
IC16k_DC4k,16k,4k,UnixBench,Arithmetic_Overhead,24331449,lps,103082558,248016994,0.4156
IC16k_DC4k,16k,4k,UnixBench,Arithmetic_Register,708943,lps,151077988,248113008,0.6089
IC16k_DC4k,16k,4k,UnixBench,Arithmetic_Short,709290,lps,151153814,248161691,0.6091
IC16k_DC4k,16k,4k,UnixBench,Arithmetic_Int,709079,lps,151098915,247930610,0.6094
IC16k_DC4k,16k,4k,UnixBench,Dhrystone,291141,lps,90809532,188084839,0.4828
IC16k_DC4k,16k,4k,UnixBench,Arithmetic_Double,708903,lps,151079485,247971202,0.6093
IC16k_DC4k,16k,4k,UnixBench,Whetstone,21.112,MWIPS,113873454,257408199,0.4424
IC16k_DC4k,16k,4k,UnixBench,Syscall_Mix,27270,lps,50891032,248077143,0.2051
IC16k_DC4k,16k,4k,UnixBench,Syscall_GetPID,236875,lps,63263996,246506706,0.2566
IC16k_DC4k,16k,4k,UnixBench,Syscall_Exec,23,lps,2796143,20813563,0.1343
IC16k_DC4k,16k,4k,UnixBench,Pipe_Throughput,13864,lps,50875570,248046852,0.2051
IC16k_DC4k,16k,4k,UnixBench,Context_Switching,1265,lps,16046552,116085527,0.1382
IC2k_DC2k,2k,2k,NPB,EP,0.11,Mop/s,2100188124,7413842972,0.2833
IC2k_DC2k,2k,2k,NPB,IS,0,-,0,0,0
IC2k_DC2k,2k,2k,NPB,CG,0.71,Mop/s,360612369,2327182716,0.1550
IC2k_DC2k,2k,2k,NPB,MG,0.88,Mop/s,34844970,214426013,0.1625
IC2k_DC2k,2k,2k,NPB,FT,1.14,Mop/s,590755722,3851375263,0.1534
IC2k_DC2k,2k,2k,NPB,BT,1.83,Mop/s,560325567,3088434813,0.1814
IC2k_DC2k,2k,2k,NPB,SP,1.03,Mop/s,365327779,2316356655,0.1577
IC2k_DC2k,2k,2k,NPB,LU,2.18,Mop/s,206918670,1160147185,0.1784
IC2k_DC2k,2k,2k,UnixBench,Arithmetic_Overhead,21607726,lps,92167617,247253675,0.3728
IC2k_DC2k,2k,2k,UnixBench,Arithmetic_Register,627250,lps,134351391,247248734,0.5434
IC2k_DC2k,2k,2k,UnixBench,Arithmetic_Short,628556,lps,134604962,247251214,0.5444
IC2k_DC2k,2k,2k,UnixBench,Arithmetic_Int,628530,lps,134584464,247378725,0.5440
IC2k_DC2k,2k,2k,UnixBench,Dhrystone,238875,lps,75034157,175135525,0.4284
IC2k_DC2k,2k,2k,UnixBench,Arithmetic_Double,628159,lps,134520514,247317715,0.5439
IC2k_DC2k,2k,2k,UnixBench,Whetstone,17.020,MWIPS,93339478,256185296,0.3643
IC2k_DC2k,2k,2k,UnixBench,Syscall_Mix,16155,lps,32579144,246601239,0.1321
IC2k_DC2k,2k,2k,UnixBench,Syscall_GetPID,180909,lps,49677978,244837142,0.2029
IC2k_DC2k,2k,2k,UnixBench,Syscall_Exec,16,lps,2301135,21335478,0.1079
IC2k_DC2k,2k,2k,UnixBench,Pipe_Throughput,6454,lps,27083804,247370605,0.1095
IC2k_DC2k,2k,2k,UnixBench,Context_Switching,692,lps,11464754,110836419,0.1034
IC2k_DC4k,2k,4k,NPB,EP,0.12,Mop/s,2095619344,7206655874,0.2908
IC2k_DC4k,2k,4k,NPB,IS,0.45,Mop/s,7559137,35828165,0.2110
IC2k_DC4k,2k,4k,NPB,CG,0.76,Mop/s,356787840,2162309723,0.1650
IC2k_DC4k,2k,4k,NPB,MG,1.05,Mop/s,34038443,179595420,0.1895
IC2k_DC4k,2k,4k,NPB,FT,1.17,Mop/s,588447202,3750093884,0.1569
IC2k_DC4k,2k,4k,NPB,BT,1.91,Mop/s,557160022,2951003108,0.1888
IC2k_DC4k,2k,4k,NPB,SP,1.14,Mop/s,360333441,2100437972,0.1716
IC2k_DC4k,2k,4k,NPB,LU,2.35,Mop/s,205057927,1076773521,0.1904
IC2k_DC4k,2k,4k,UnixBench,Arithmetic_Overhead,22098433,lps,94163612,247090675,0.3811
IC2k_DC4k,2k,4k,UnixBench,Arithmetic_Register,644166,lps,137792750,247525480,0.5567
IC2k_DC4k,2k,4k,UnixBench,Arithmetic_Short,645449,lps,138063417,247501621,0.5578
IC2k_DC4k,2k,4k,UnixBench,Arithmetic_Int,643240,lps,137619348,247405503,0.5563
IC2k_DC4k,2k,4k,UnixBench,Dhrystone,250072,lps,78450370,178937909,0.4384
IC2k_DC4k,2k,4k,UnixBench,Arithmetic_Double,641634,lps,137313019,246958615,0.5560
IC2k_DC4k,2k,4k,UnixBench,Whetstone,18.048,MWIPS,92991016,242251264,0.3839
IC2k_DC4k,2k,4k,UnixBench,Syscall_Mix,17873,lps,35382169,247316661,0.1431
IC2k_DC4k,2k,4k,UnixBench,Syscall_GetPID,194326,lps,53006602,244935488,0.2164
IC2k_DC4k,2k,4k,UnixBench,Syscall_Exec,18,lps,2506246,22107472,0.1134
IC2k_DC4k,2k,4k,UnixBench,Pipe_Throughput,7649,lps,30935350,247601762,0.1249
IC2k_DC4k,2k,4k,UnixBench,Context_Switching,929,lps,12811135,116244007,0.1102
IC4k_DC16k,4k,16k,NPB,EP,0.12,Mop/s,2086837248,6856586696,0.3044
IC4k_DC16k,4k,16k,NPB,IS,0.59,Mop/s,7369858,27532508,0.2677
IC4k_DC16k,4k,16k,NPB,CG,0.94,Mop/s,347028978,1748324872,0.1985
IC4k_DC16k,4k,16k,NPB,MG,1.26,Mop/s,33342461,149147316,0.2236
IC4k_DC16k,4k,16k,NPB,FT,1.32,Mop/s,578351310,3326484063,0.1739
IC4k_DC16k,4k,16k,NPB,BT,2.26,Mop/s,546554475,2501595329,0.2185
IC4k_DC16k,4k,16k,NPB,SP,1.35,Mop/s,352650491,1775782641,0.1986
IC4k_DC16k,4k,16k,NPB,LU,3.17,Mop/s,198474510,799091841,0.2484
IC4k_DC16k,4k,16k,UnixBench,Arithmetic_Overhead,23111667,lps,98195763,247756332,0.3963
IC4k_DC16k,4k,16k,UnixBench,Arithmetic_Register,671666,lps,143449706,247669547,0.5792
IC4k_DC16k,4k,16k,UnixBench,Arithmetic_Short,673424,lps,143801969,247814365,0.5803
IC4k_DC16k,4k,16k,UnixBench,Arithmetic_Int,673439,lps,143779867,248027913,0.5797
IC4k_DC16k,4k,16k,UnixBench,Dhrystone,271941,lps,85085167,185848296,0.4578
IC4k_DC16k,4k,16k,UnixBench,Arithmetic_Double,672125,lps,143538059,247699424,0.5795
IC4k_DC16k,4k,16k,UnixBench,Whetstone,19.980,MWIPS,103341062,245645116,0.4207
IC4k_DC16k,4k,16k,UnixBench,Syscall_Mix,23534,lps,44696689,247851026,0.1803
IC4k_DC16k,4k,16k,UnixBench,Syscall_GetPID,207221,lps,56082540,246266461,0.2277
IC4k_DC16k,4k,16k,UnixBench,Syscall_Exec,22,lps,2705301,21104238,0.1282
IC4k_DC16k,4k,16k,UnixBench,Pipe_Throughput,10320,lps,39507265,247729630,0.1595
IC4k_DC16k,4k,16k,UnixBench,Context_Switching,1158,lps,15652961,117323171,0.1334
IC4k_DC2k,4k,2k,NPB,EP,0.11,Mop/s,2097020492,7273512388,0.2883
IC4k_DC2k,4k,2k,NPB,IS,0.40,Mop/s,7657711,40631510,0.1885
IC4k_DC2k,4k,2k,NPB,CG,0.72,Mop/s,359736855,2291863804,0.1570
IC4k_DC2k,4k,2k,NPB,MG,0.88,Mop/s,34784165,212910360,0.1634
IC4k_DC2k,4k,2k,NPB,FT,1.16,Mop/s,588877971,3780215680,0.1558
IC4k_DC2k,4k,2k,NPB,BT,2.04,Mop/s,552678150,2762901732,0.2000
IC4k_DC2k,4k,2k,NPB,SP,1.10,Mop/s,361937482,2177715954,0.1662
IC4k_DC2k,4k,2k,NPB,LU,2.64,Mop/s,202284822,960000845,0.2107
IC4k_DC2k,4k,2k,UnixBench,Arithmetic_Overhead,22050976,lps,93944334,247321277,0.3798
IC4k_DC2k,4k,2k,UnixBench,Arithmetic_Register,643055,lps,137556732,247603630,0.5556
IC4k_DC2k,4k,2k,UnixBench,Arithmetic_Short,642172,lps,137380203,247483499,0.5551
IC4k_DC2k,4k,2k,UnixBench,Arithmetic_Int,643198,lps,137570886,247629028,0.5556
IC4k_DC2k,4k,2k,UnixBench,Dhrystone,248814,lps,78029239,178487811,0.4372
IC4k_DC2k,4k,2k,UnixBench,Arithmetic_Double,638976,lps,136777402,246860546,0.5541
IC4k_DC2k,4k,2k,UnixBench,Whetstone,18.367,MWIPS,98351921,252475495,0.3896
IC4k_DC2k,4k,2k,UnixBench,Syscall_Mix,20118,lps,39048090,247423315,0.1578
IC4k_DC2k,4k,2k,UnixBench,Syscall_GetPID,186837,lps,51131758,245076951,0.2086
IC4k_DC2k,4k,2k,UnixBench,Syscall_Exec,18,lps,2480589,22061979,0.1124
IC4k_DC2k,4k,2k,UnixBench,Pipe_Throughput,7190,lps,29448601,247579208,0.1189
IC4k_DC2k,4k,2k,UnixBench,Context_Switching,896,lps,12644140,117494225,0.1076
IC4k_DC4k,4k,4k,NPB,EP,0.12,Mop/s,2091720837,7043067351,0.2970
IC4k_DC4k,4k,4k,NPB,IS,0,-,0,0,0
IC4k_DC4k,4k,4k,NPB,CG,0.78,Mop/s,355691296,2115058205,0.1682
IC4k_DC4k,4k,4k,NPB,MG,1.07,Mop/s,33926285,175596876,0.1932
IC4k_DC4k,4k,4k,NPB,FT,1.20,Mop/s,586437539,3666436525,0.1599
IC4k_DC4k,4k,4k,NPB,BT,2.16,Mop/s,549477111,2618799974,0.2098
IC4k_DC4k,4k,4k,NPB,SP,1.22,Mop/s,357015738,1959449520,0.1822
IC4k_DC4k,4k,4k,NPB,LU,2.91,Mop/s,200276734,869245927,0.2304
IC4k_DC4k,4k,4k,UnixBench,Arithmetic_Overhead,22588715,lps,96109837,247361504,0.3885
IC4k_DC4k,4k,4k,UnixBench,Arithmetic_Register,659245,lps,140893561,247664438,0.5689
IC4k_DC4k,4k,4k,UnixBench,Arithmetic_Short,657904,lps,140636349,247378066,0.5685
IC4k_DC4k,4k,4k,UnixBench,Arithmetic_Int,659127,lps,140872332,247740429,0.5686
IC4k_DC4k,4k,4k,UnixBench,Dhrystone,259845,lps,81391511,181625121,0.4481
IC4k_DC4k,4k,4k,UnixBench,Arithmetic_Double,658567,lps,140743683,247428437,0.5688
IC4k_DC4k,4k,4k,UnixBench,Whetstone,19.473,MWIPS,103494879,251640542,0.4113
IC4k_DC4k,4k,4k,UnixBench,Syscall_Mix,22563,lps,43138838,247237078,0.1745
IC4k_DC4k,4k,4k,UnixBench,Syscall_GetPID,180213,lps,49554602,245519790,0.2018
IC4k_DC4k,4k,4k,UnixBench,Syscall_Exec,20,lps,2539141,21289869,0.1193
IC4k_DC4k,4k,4k,UnixBench,Pipe_Throughput,8940,lps,35077549,247572440,0.1417
IC4k_DC4k,4k,4k,UnixBench,Context_Switching,885,lps,14438412,123424886,0.1170
IC4k_DC8k,4k,8k,NPB,EP,0.12,Mop/s,2088821776,6944993907,0.3008
IC4k_DC8k,4k,8k,NPB,IS,0,-,0,0,0
IC4k_DC8k,4k,8k,NPB,CG,0.84,Mop/s,351885003,1959724050,0.1796
IC4k_DC8k,4k,8k,NPB,MG,1.16,Mop/s,33636469,162869465,0.2065
IC4k_DC8k,4k,8k,NPB,FT,1.24,Mop/s,582964837,3526438997,0.1653
IC4k_DC8k,4k,8k,NPB,BT,2.20,Mop/s,548091194,2567025196,0.2135
IC4k_DC8k,4k,8k,NPB,SP,1.28,Mop/s,354728642,1866426808,0.1901
IC4k_DC8k,4k,8k,NPB,LU,3.06,Mop/s,199229195,826304284,0.2411
IC4k_DC8k,4k,8k,UnixBench,Arithmetic_Overhead,22934994,lps,97484121,247793879,0.3934
IC4k_DC8k,4k,8k,UnixBench,Arithmetic_Register,667018,lps,142481993,247827165,0.5749
IC4k_DC8k,4k,8k,UnixBench,Arithmetic_Short,667546,lps,142594529,247744205,0.5756
IC4k_DC8k,4k,8k,UnixBench,Arithmetic_Int,667252,lps,142520075,247879579,0.5750
IC4k_DC8k,4k,8k,UnixBench,Dhrystone,266876,lps,83540885,184086764,0.4538
IC4k_DC8k,4k,8k,UnixBench,Arithmetic_Double,666943,lps,142458223,247829679,0.5748
IC4k_DC8k,4k,8k,UnixBench,Whetstone,19.800,MWIPS,103390842,247893995,0.4171
IC4k_DC8k,4k,8k,UnixBench,Syscall_Mix,23394,lps,44498283,247528660,0.1798
IC4k_DC8k,4k,8k,UnixBench,Syscall_GetPID,199931,lps,54338709,245330769,0.2215
IC4k_DC8k,4k,8k,UnixBench,Syscall_Exec,21,lps,2407204,19446415,0.1238
IC4k_DC8k,4k,8k,UnixBench,Pipe_Throughput,9979,lps,38413454,247778409,0.1550
IC4k_DC8k,4k,8k,UnixBench,Context_Switching,1022,lps,14814351,118677872,0.1248
IC8k_DC4k,8k,4k,NPB,EP,0.12,Mop/s,2084935779,6758034769,0.3085
IC8k_DC4k,8k,4k,NPB,IS,0,-,0,0,0
IC8k_DC4k,8k,4k,NPB,CG,0.81,Mop/s,353810352,2036919521,0.1737
IC8k_DC4k,8k,4k,NPB,MG,1.11,Mop/s,33814518,169320179,0.1997
IC8k_DC4k,8k,4k,NPB,FT,1.24,Mop/s,583257256,3531484783,0.1652
IC8k_DC4k,8k,4k,NPB,BT,2.24,Mop/s,547168121,2522922293,0.2169
IC8k_DC4k,8k,4k,NPB,SP,1.27,Mop/s,355120949,1879468955,0.1889
IC8k_DC4k,8k,4k,NPB,LU,3.03,Mop/s,199473691,836457376,0.2385
IC8k_DC4k,8k,4k,UnixBench,Arithmetic_Overhead,23588314,lps,100095830,247835306,0.4039
IC8k_DC4k,8k,4k,UnixBench,Arithmetic_Register,686834,lps,146545355,247908987,0.5911
IC8k_DC4k,8k,4k,UnixBench,Arithmetic_Short,686518,lps,146483857,247769470,0.5912
IC8k_DC4k,8k,4k,UnixBench,Arithmetic_Int,685532,lps,146280570,247796879,0.5903
IC8k_DC4k,8k,4k,UnixBench,Dhrystone,276184,lps,86347218,185593151,0.4653
IC8k_DC4k,8k,4k,UnixBench,Arithmetic_Double,684975,lps,146180782,247570393,0.5905
IC8k_DC4k,8k,4k,UnixBench,Whetstone,20.234,MWIPS,103286495,242301537,0.4263
IC8k_DC4k,8k,4k,UnixBench,Syscall_Mix,26242,lps,49233850,247299037,0.1991
IC8k_DC4k,8k,4k,UnixBench,Syscall_GetPID,199884,lps,54292620,246245870,0.2205
IC8k_DC4k,8k,4k,UnixBench,Syscall_Exec,21,lps,2589944,20334460,0.1274
IC8k_DC4k,8k,4k,UnixBench,Pipe_Throughput,11625,lps,43681862,247743005,0.1763
IC8k_DC4k,8k,4k,UnixBench,Context_Switching,1026,lps,14725357,117135175,0.1257
IC8k_DC8k,8k,8k,NPB,EP,0.12,Mop/s,2082514436,6661861781,0.3126
IC8k_DC8k,8k,8k,NPB,IS,0,-,0,0,0
IC8k_DC8k,8k,8k,NPB,CG,0.87,Mop/s,350381514,1887191814,0.1857
IC8k_DC8k,8k,8k,NPB,MG,1.20,Mop/s,33487475,156433984,0.2141
IC8k_DC8k,8k,8k,NPB,FT,1.29,Mop/s,579932079,3390779557,0.1710
IC8k_DC8k,8k,8k,NPB,BT,2.29,Mop/s,545996232,2471684253,0.2209
IC8k_DC8k,8k,8k,NPB,SP,1.34,Mop/s,352988044,1788902116,0.1973
IC8k_DC8k,8k,8k,NPB,LU,3.19,Mop/s,198423412,794522621,0.2497
IC8k_DC8k,8k,8k,UnixBench,Arithmetic_Overhead,23878250,lps,101261771,247847753,0.4086
IC8k_DC8k,8k,8k,UnixBench,Arithmetic_Register,693791,lps,147989920,247928230,0.5969
IC8k_DC8k,8k,8k,UnixBench,Arithmetic_Short,696956,lps,148606362,248063338,0.5991
IC8k_DC8k,8k,8k,UnixBench,Arithmetic_Int,694712,lps,148146038,247940274,0.5975
IC8k_DC8k,8k,8k,UnixBench,Dhrystone,283006,lps,88398028,187215038,0.4722
IC8k_DC8k,8k,8k,UnixBench,Arithmetic_Double,694041,lps,148029457,247793856,0.5974
IC8k_DC8k,8k,8k,UnixBench,Whetstone,20.592,MWIPS,108593734,250803056,0.4330
IC8k_DC8k,8k,8k,UnixBench,Syscall_Mix,27838,lps,51820498,247915814,0.2090
IC8k_DC8k,8k,8k,UnixBench,Syscall_GetPID,236388,lps,63135895,246508359,0.2561
IC8k_DC8k,8k,8k,UnixBench,Syscall_Exec,23,lps,2867721,21833976,0.1313
IC8k_DC8k,8k,8k,UnixBench,Pipe_Throughput,13005,lps,48116496,247836830,0.1941
IC8k_DC8k,8k,8k,UnixBench,Context_Switching,1223,lps,15815430,116860742,0.1353
IC4k_DC128,4k,128,NPB,EP,0.07,Mop/s,2219937985,12471007333,0.1780
IC4k_DC128,4k,128,NPB,IS,0.31,Mop/s,7951188,52333438,0.1519
IC4k_DC128,4k,128,NPB,CG,0.40,Mop/s,401571546,4058492445,0.0989
IC4k_DC128,4k,128,NPB,MG,0.30,Mop/s,44278354,616560604,0.0718
IC4k_DC128,4k,128,NPB,FT,1.04,Mop/s,598920411,4168708879,0.1437
IC4k_DC128,4k,128,NPB,BT,0.98,Mop/s,622098072,5694564712,0.1092
IC4k_DC128,4k,128,NPB,SP,0.54,Mop/s,415167479,4420956785,0.0939
IC4k_DC128,4k,128,NPB,LU,1.41,Mop/s,221567911,1773476092,0.1249
IC4k_DC128,4k,128,UnixBench,Arithmetic_Overhead,19679618,lps,84447050,238228723,0.3545
IC4k_DC128,4k,128,UnixBench,Arithmetic_Register,595615,lps,127874697,245621260,0.5206
IC4k_DC128,4k,128,UnixBench,Arithmetic_Short,585795,lps,125872067,242856590,0.5183
IC4k_DC128,4k,128,UnixBench,Arithmetic_Int,594866,lps,127703128,245183834,0.5208
IC4k_DC128,4k,128,UnixBench,Dhrystone,73060,lps,24686410,126687524,0.1949
IC4k_DC128,4k,128,UnixBench,Arithmetic_Double,588561,lps,126415596,243117845,0.5200
IC4k_DC128,4k,128,UnixBench,Whetstone,6.132,MWIPS,38417739,255606880,0.1503
IC4k_DC128,4k,128,UnixBench,Syscall_Mix,10392,lps,22985424,241866653,0.0950
IC4k_DC128,4k,128,UnixBench,Syscall_GetPID,73857,lps,23734351,245783486,0.0966
IC4k_DC128,4k,128,UnixBench,Syscall_Exec,10,lps,1772488,20280532,0.0874
IC4k_DC128,4k,128,UnixBench,Pipe_Throughput,4643,lps,21310715,243148179,0.0876
IC4k_DC128,4k,128,UnixBench,Context_Switching,0,-,0,0,0
IC4k_DC1k,4k,1k,NPB,EP,0.11,Mop/s,2104875725,7610978248,0.2766
IC4k_DC1k,4k,1k,NPB,IS,0.36,Mop/s,7768671,45043873,0.1725
IC4k_DC1k,4k,1k,NPB,CG,0.66,Mop/s,364252643,2486412489,0.1465
IC4k_DC1k,4k,1k,NPB,MG,0.76,Mop/s,35543375,245798407,0.1446
IC4k_DC1k,4k,1k,NPB,FT,1.12,Mop/s,592185647,3915096005,0.1513
IC4k_DC1k,4k,1k,NPB,BT,1.87,Mop/s,558706298,3018049917,0.1851
IC4k_DC1k,4k,1k,NPB,SP,0.97,Mop/s,368468257,2454535239,0.1501
IC4k_DC1k,4k,1k,NPB,LU,2.31,Mop/s,205417532,1096902333,0.1873
IC4k_DC1k,4k,1k,UnixBench,Arithmetic_Overhead,21566495,lps,91991870,247532597,0.3716
IC4k_DC1k,4k,1k,UnixBench,Arithmetic_Register,624404,lps,133763078,247193037,0.5411
IC4k_DC1k,4k,1k,UnixBench,Arithmetic_Short,624703,lps,133823101,247172498,0.5414
IC4k_DC1k,4k,1k,UnixBench,Arithmetic_Int,626672,lps,134207915,247601788,0.5420
IC4k_DC1k,4k,1k,UnixBench,Dhrystone,234239,lps,73606085,172828744,0.4259
IC4k_DC1k,4k,1k,UnixBench,Arithmetic_Double,626267,lps,134124011,247462142,0.5420
IC4k_DC1k,4k,1k,UnixBench,Whetstone,16.646,MWIPS,87971833,246516412,0.3569
IC4k_DC1k,4k,1k,UnixBench,Syscall_Mix,16091,lps,32411111,246664146,0.1314
IC4k_DC1k,4k,1k,UnixBench,Syscall_GetPID,170853,lps,47255178,244718175,0.1931
IC4k_DC1k,4k,1k,UnixBench,Syscall_Exec,15,lps,2247410,21563774,0.1042
IC4k_DC1k,4k,1k,UnixBench,Pipe_Throughput,6103,lps,25971307,247315608,0.1050
IC4k_DC1k,4k,1k,UnixBench,Context_Switching,729,lps,11261108,112442462,0.1001
IC4k_DC256,4k,256,NPB,EP,0.08,Mop/s,2175242785,10605081516,0.2051
IC4k_DC256,4k,256,NPB,IS,0.32,Mop/s,7901085,49854731,0.1585
IC4k_DC256,4k,256,NPB,CG,0.51,Mop/s,381488703,3213538787,0.1187
IC4k_DC256,4k,256,NPB,MG,0.43,Mop/s,40019123,434386984,0.0921
IC4k_DC256,4k,256,NPB,FT,1.07,Mop/s,596573288,4080733612,0.1462
IC4k_DC256,4k,256,NPB,BT,1.24,Mop/s,594055554,4511166303,0.1317
IC4k_DC256,4k,256,NPB,SP,0.66,Mop/s,395632069,3602345276,0.1098
IC4k_DC256,4k,256,NPB,LU,1.67,Mop/s,215119945,1505201374,0.1429
IC4k_DC256,4k,256,UnixBench,Arithmetic_Overhead,20687235,lps,88504519,245455290,0.3606
IC4k_DC256,4k,256,UnixBench,Arithmetic_Register,601081,lps,128990973,245216490,0.5260
IC4k_DC256,4k,256,UnixBench,Arithmetic_Short,602963,lps,129366639,245664610,0.5266
IC4k_DC256,4k,256,UnixBench,Arithmetic_Int,604252,lps,129640576,246178736,0.5266
IC4k_DC256,4k,256,UnixBench,Dhrystone,105893,lps,34787618,141332671,0.2461
IC4k_DC256,4k,256,UnixBench,Arithmetic_Double,605910,lps,129957360,246356365,0.5275
IC4k_DC256,4k,256,UnixBench,Whetstone,7.861,MWIPS,43039495,233250950,0.1845
IC4k_DC256,4k,256,UnixBench,Syscall_Mix,11527,lps,24888701,245738235,0.1013
IC4k_DC256,4k,256,UnixBench,Syscall_GetPID,79079,lps,24980244,245647503,0.1017
IC4k_DC256,4k,256,UnixBench,Syscall_Exec,11,lps,1886062,20507321,0.0920
IC4k_DC256,4k,256,UnixBench,Pipe_Throughput,4931,lps,22195575,245415774,0.0904
IC4k_DC256,4k,256,UnixBench,Context_Switching,0,-,0,0,0
IC4k_DC512,4k,512,NPB,EP,0.10,Mop/s,2121545080,8317855637,0.2551
IC4k_DC512,4k,512,NPB,IS,0,-,0,0,0
IC4k_DC512,4k,512,NPB,CG,0.61,Mop/s,369592208,2714229688,0.1362
IC4k_DC512,4k,512,NPB,MG,0.62,Mop/s,36860040,301896847,0.1221
IC4k_DC512,4k,512,NPB,FT,1.09,Mop/s,594460673,4004710520,0.1484
IC4k_DC512,4k,512,NPB,BT,1.62,Mop/s,569373236,3472671760,0.1640
IC4k_DC512,4k,512,NPB,SP,0.83,Mop/s,378761172,2887979063,0.1312
IC4k_DC512,4k,512,NPB,LU,1.94,Mop/s,210100557,1298988733,0.1617
IC4k_DC512,4k,512,UnixBench,Arithmetic_Overhead,21085845,lps,90081674,246756967,0.3651
IC4k_DC512,4k,512,UnixBench,Arithmetic_Register,614519,lps,131716566,246922913,0.5334
IC4k_DC512,4k,512,UnixBench,Arithmetic_Short,613786,lps,131573090,246747614,0.5332
IC4k_DC512,4k,512,UnixBench,Arithmetic_Int,613838,lps,131589626,246937272,0.5329
IC4k_DC512,4k,512,UnixBench,Dhrystone,185861,lps,59020167,163795151,0.3603
IC4k_DC512,4k,512,UnixBench,Arithmetic_Double,614064,lps,131641675,246984587,0.5330
IC4k_DC512,4k,512,UnixBench,Whetstone,11.939,MWIPS,62012042,233602203,0.2655
IC4k_DC512,4k,512,UnixBench,Syscall_Mix,13337,lps,27850178,246367715,0.1130
IC4k_DC512,4k,512,UnixBench,Syscall_GetPID,103573,lps,30896839,244406818,0.1264
IC4k_DC512,4k,512,UnixBench,Syscall_Exec,13,lps,2157120,21903102,0.0985
IC4k_DC512,4k,512,UnixBench,Pipe_Throughput,5554,lps,24221445,246852879,0.0981
IC4k_DC512,4k,512,UnixBench,Context_Switching,713,lps,10968039,117982652,0.0930
