Bitstream,NPB_File,UnixBench_File
ariane_IC16k_4w_128L_DC16k_4w_128L_BTB16_BHT16_RAS2_ITLB4_DTLB4.bit.bin,NPB_20260204_114105.txt,unixbench_20260204_115635.txt
ariane_IC2k_4w_128L_DC2k_4w_128L_BTB16_BHT16_RAS2_ITLB4_DTLB4.bit.bin,NPB_20260204_121119.txt,unixbench_20260204_123055.txt
ariane_IC4k_16w_128L_DC4k_16w_128L_BTB16_BHT16_RAS2_ITLB4_DTLB4.bit.bin,NPB_20260204_130617.txt,unixbench_20260204_132403.txt
ariane_IC4k_1w_128L_DC4k_1w_128L_BTB16_BHT16_RAS2_ITLB4_DTLB4.bit.bin,NPB_20260204_134006.txt,unixbench_20260204_140625.txt
ariane_IC4k_2w_128L_DC4k_2w_128L_BTB16_BHT16_RAS2_ITLB4_DTLB4.bit.bin,NPB_20260204_142220.txt,unixbench_20260204_144022.txt
ariane_IC4k_4w_128L_DC4k_4w_128L_BTB128_BHT16_RAS2_ITLB4_DTLB4.bit.bin,NPB_20260204_145518.txt,unixbench_20260204_151312.txt
ariane_IC4k_4w_128L_DC4k_4w_128L_BTB16_BHT1024_RAS2_ITLB4_DTLB4.bit.bin,NPB_20260204_152757.txt,unixbench_20260204_154514.txt
ariane_IC4k_4w_128L_DC4k_4w_128L_BTB16_BHT128_RAS2_ITLB4_DTLB4.bit.bin,NPB_20260204_155946.txt,unixbench_20260204_161714.txt
ariane_IC4k_4w_128L_DC4k_4w_128L_BTB16_BHT16384_RAS2_ITLB4_DTLB4.bit.bin,NPB_20260204_163152.txt,unixbench_20260204_164906.txt
ariane_IC4k_4w_128L_DC4k_4w_128L_BTB16_BHT16_RAS2_ITLB4_DTLB4.bit.bin,NPB_20260204_170336.txt,unixbench_20260204_172127.txt
ariane_IC4k_4w_128L_DC4k_4w_128L_BTB16_BHT256_RAS2_ITLB4_DTLB4.bit.bin,NPB_20260204_173610.txt,unixbench_20260204_175331.txt
ariane_IC4k_4w_128L_DC4k_4w_128L_BTB16_BHT32_RAS2_ITLB4_DTLB4.bit.bin,NPB_20260204_180811.txt,unixbench_20260204_182550.txt
ariane_IC4k_4w_128L_DC4k_4w_128L_BTB16_BHT512_RAS2_ITLB4_DTLB4.bit.bin,NPB_20260204_184029.txt,unixbench_20260204_185756.txt
ariane_IC4k_4w_128L_DC4k_4w_128L_BTB16_BHT64_RAS2_ITLB4_DTLB4.bit.bin,NPB_20260204_191242.txt,unixbench_20260204_193015.txt
ariane_IC4k_4w_128L_DC4k_4w_128L_BTB256_BHT16_RAS2_ITLB4_DTLB4.bit.bin,NPB_20260204_194458.txt,unixbench_20260204_200248.txt
ariane_IC4k_4w_128L_DC4k_4w_128L_BTB32768_BHT16_RAS2_ITLB4_DTLB4.bit.bin,NPB_20260204_201733.txt,unixbench_20260204_203518.txt
ariane_IC4k_4w_128L_DC4k_4w_128L_BTB32_BHT16_RAS2_ITLB4_DTLB4.bit.bin,NPB_20260204_205002.txt,unixbench_20260204_210758.txt
ariane_IC4k_4w_128L_DC4k_4w_128L_BTB512_BHT16_RAS2_ITLB4_DTLB4.bit.bin,NPB_20260204_212244.txt,unixbench_20260204_214028.txt
ariane_IC4k_4w_128L_DC4k_4w_128L_BTB64_BHT16_RAS2_ITLB4_DTLB4.bit.bin,NPB_20260204_215512.txt,unixbench_20260204_221306.txt
ariane_IC4k_4w_128L_DC4k_4w_128L_BTB8_BHT16_RAS2_ITLB4_DTLB4.bit.bin,NPB_20260204_222753.txt,unixbench_20260204_224547.txt
ariane_IC4k_8w_128L_DC4k_8w_128L_BTB16_BHT16_RAS2_ITLB4_DTLB4.bit.bin,NPB_20260204_230027.txt,unixbench_20260204_231821.txt
ariane_IC8k_4w_128L_DC8k_4w_128L_BTB16_BHT16_RAS2_ITLB4_DTLB4.bit.bin,NPB_20260204_233258.txt,unixbench_20260204_234937.txt
ariane_IC128k_4w_128L_DC128k_4w_128L_BTB16_BHT16_RAS2_ITLB4_DTLB4.bit.bin,BOOT_TIMEOUT,BOOT_TIMEOUT
ariane_IC32k_4w_128L_DC32k_4w_128L_BTB16_BHT16_RAS2_ITLB4_DTLB4.bit.bin,BOOT_TIMEOUT,BOOT_TIMEOUT
ariane_IC64k_4w_128L_DC64k_4w_128L_BTB16_BHT16_RAS2_ITLB4_DTLB4.bit.bin,BOOT_TIMEOUT,BOOT_TIMEOUT
ariane_IC4k_4w_128L_DC4k_4w_128L_BTB1024_BHT16_RAS2_ITLB4_DTLB4.bit.bin,NPB_20260205_131334.txt,unixbench_19700101_000322.txt
ariane_IC4k_4w_128L_DC4k_4w_128L_BTB16384_BHT16_RAS2_ITLB4_DTLB4.bit.bin,NPB_20260205_134608.txt,unixbench_20260205_140356.txt
ariane_IC4k_4w_128L_DC4k_4w_128L_BTB16_BHT2048_RAS2_ITLB4_DTLB4.bit.bin,NPB_20260205_141838.txt,unixbench_20260205_143551.txt
ariane_IC4k_4w_128L_DC4k_4w_128L_BTB16_BHT4096_RAS2_ITLB4_DTLB4.bit.bin,NPB_20260205_145020.txt,unixbench_20260205_150732.txt
ariane_IC4k_4w_128L_DC4k_4w_128L_BTB16_BHT8192_RAS2_ITLB4_DTLB4.bit.bin,NPB_20260205_152159.txt,unixbench_20260205_153913.txt
ariane_IC4k_4w_128L_DC4k_4w_128L_BTB2048_BHT16_RAS2_ITLB4_DTLB4.bit.bin,NPB_20260205_155343.txt,unixbench_20260205_161133.txt
ariane_IC4k_4w_128L_DC4k_4w_128L_BTB4096_BHT16_RAS2_ITLB4_DTLB4.bit.bin,NPB_20260205_162617.txt,unixbench_20260205_164410.txt
ariane_IC4k_4w_128L_DC4k_4w_128L_BTB8192_BHT16_RAS2_ITLB4_DTLB4.bit.bin,NPB_20260205_165855.txt,unixbench_20260205_171643.txt
ariane_IC128k_4w_128L_DC4k_4w_128L_BTB16_BHT16_RAS2_ITLB4_DTLB4.bit.bin,SHELL_FAIL,SHELL_FAIL
ariane_IC16k_4w_128L_DC4k_4w_128L_BTB16_BHT16_RAS2_ITLB4_DTLB4.bit.bin,NPB_20260207_171044.txt,unixbench_20260207_172723.txt
ariane_IC256k_4w_128L_DC4k_4w_128L_BTB16_BHT16_RAS2_ITLB4_DTLB4.bit.bin,SHELL_FAIL,SHELL_FAIL
ariane_IC2k_4w_128L_DC4k_4w_128L_BTB16_BHT16_RAS2_ITLB4_DTLB4.bit.bin,NPB_20260207_175403.txt,unixbench_20260207_181253.txt
ariane_IC32k_4w_128L_DC4k_4w_128L_BTB16_BHT16_RAS2_ITLB4_DTLB4.bit.bin,SHELL_FAIL,SHELL_FAIL
ariane_IC4k_4w_128L_DC128k_4w_128L_BTB16_BHT16_RAS2_ITLB4_DTLB4.bit.bin,BOOT_TIMEOUT,BOOT_TIMEOUT
ariane_IC4k_4w_128L_DC16k_4w_128L_BTB16_BHT16_RAS2_ITLB4_DTLB4.bit.bin,NPB_20260207_194023.txt,unixbench_20260207_195709.txt
ariane_IC4k_4w_128L_DC256k_4w_128L_BTB16_BHT16_RAS2_ITLB4_DTLB4.bit.bin,BOOT_TIMEOUT,BOOT_TIMEOUT
ariane_IC4k_4w_128L_DC2k_4w_128L_BTB16_BHT16_RAS2_ITLB4_DTLB4.bit.bin,NPB_20260207_211225.txt,unixbench_20260207_213121.txt
ariane_IC4k_4w_128L_DC32k_4w_128L_BTB16_BHT16_RAS2_ITLB4_DTLB4.bit.bin,BOOT_TIMEOUT,BOOT_TIMEOUT
ariane_IC4k_4w_128L_DC64k_4w_128L_BTB16_BHT16_RAS2_ITLB4_DTLB4.bit.bin,BOOT_TIMEOUT,BOOT_TIMEOUT
ariane_IC4k_4w_128L_DC8k_4w_128L_BTB16_BHT16_RAS2_ITLB4_DTLB4.bit.bin,NPB_20260207_234718.txt,unixbench_20260208_000445.txt
ariane_IC64k_4w_128L_DC4k_4w_128L_BTB16_BHT16_RAS2_ITLB4_DTLB4.bit.bin,SHELL_FAIL,SHELL_FAIL
ariane_IC8k_4w_128L_DC4k_4w_128L_BTB16_BHT16_RAS2_ITLB4_DTLB4.bit.bin,NPB_20260208_003122.txt,unixbench_20260208_004836.txt
ariane_IC128k_4w_128L_DC128k_4w_128L_BTB16_BHT16_RAS2_ITLB4_DTLB4.bit.bin,BOOT_TIMEOUT,BOOT_TIMEOUT
ariane_IC128k_4w_128L_DC4k_4w_128L_BTB16_BHT16_RAS2_ITLB4_DTLB4.bit.bin,SHELL_FAIL,SHELL_FAIL
ariane_IC16k_4w_128L_DC16k_4w_128L_BTB16_BHT16_RAS2_ITLB4_DTLB4.bit.bin,NPB_20260213_222233.txt,unixbench_20260213_223815.txt
ariane_IC16k_4w_128L_DC4k_4w_128L_BTB16_BHT16_RAS2_ITLB4_DTLB4.bit.bin,NPB_20260213_225231.txt,unixbench_20260213_230917.txt
ariane_IC256k_4w_128L_DC4k_4w_128L_BTB16_BHT16_RAS2_ITLB4_DTLB4.bit.bin,SHELL_FAIL,SHELL_FAIL
ariane_IC2k_4w_128L_DC2k_4w_128L_BTB16_BHT16_RAS2_ITLB4_DTLB4.bit.bin,NPB_20260213_234118.txt,unixbench_20260214_000106.txt
ariane_IC2k_4w_128L_DC4k_4w_128L_BTB16_BHT16_RAS2_ITLB4_DTLB4.bit.bin,NPB_20260214_001619.txt,unixbench_20260214_003502.txt
ariane_IC32k_4w_128L_DC32k_4w_128L_BTB16_BHT16_RAS2_ITLB4_DTLB4.bit.bin,BOOT_TIMEOUT,BOOT_TIMEOUT
ariane_IC32k_4w_128L_DC4k_4w_128L_BTB16_BHT16_RAS2_ITLB4_DTLB4.bit.bin,SHELL_FAIL,SHELL_FAIL
ariane_IC4k_16w_128L_DC4k_16w_128L_BTB16_BHT16_RAS2_ITLB4_DTLB4.bit.bin,NPB_20260214_012729.txt,unixbench_20260214_014529.txt
ariane_IC4k_1w_128L_DC4k_1w_128L_BTB16_BHT16_RAS2_ITLB4_DTLB4.bit.bin,NPB_20260214_020142.txt,unixbench_20260214_022818.txt
ariane_IC4k_2w_128L_DC4k_2w_128L_BTB16_BHT16_RAS2_ITLB4_DTLB4.bit.bin,NPB_20260214_024424.txt,unixbench_20260214_030238.txt
ariane_IC4k_4w_128L_DC128k_4w_128L_BTB16_BHT16_RAS2_ITLB4_DTLB4.bit.bin,BOOT_TIMEOUT,BOOT_TIMEOUT
ariane_IC4k_4w_128L_DC16k_4w_128L_BTB16_BHT16_RAS2_ITLB4_DTLB4.bit.bin,NPB_20260214_033800.txt,unixbench_20260214_035449.txt
ariane_IC4k_4w_128L_DC256k_4w_128L_BTB16_BHT16_RAS2_ITLB4_DTLB4.bit.bin,BOOT_TIMEOUT,BOOT_TIMEOUT
ariane_IC4k_4w_128L_DC2k_4w_128L_BTB16_BHT16_RAS2_ITLB4_DTLB4.bit.bin,NPB_20260214_043010.txt,unixbench_20260214_044859.txt
ariane_IC4k_4w_128L_DC32k_4w_128L_BTB16_BHT16_RAS2_ITLB4_DTLB4.bit.bin,BOOT_TIMEOUT,BOOT_TIMEOUT
ariane_IC4k_4w_128L_DC4k_4w_128L_BTB1024_BHT16_RAS2_ITLB4_DTLB4.bit.bin,NPB_20260214_052437.txt,unixbench_20260214_054238.txt
ariane_IC4k_4w_128L_DC4k_4w_128L_BTB128_BHT16_RAS2_ITLB4_DTLB4.bit.bin,NPB_20260214_055740.txt,unixbench_20260214_061537.txt
ariane_IC4k_4w_128L_DC4k_4w_128L_BTB16384_BHT16_RAS2_ITLB4_DTLB4.bit.bin,NPB_20260214_063032.txt,unixbench_20260214_064834.txt
ariane_IC4k_4w_128L_DC4k_4w_128L_BTB16_BHT1024_RAS2_ITLB4_DTLB4.bit.bin,NPB_20260214_070331.txt,unixbench_20260214_072105.txt
ariane_IC4k_4w_128L_DC4k_4w_128L_BTB16_BHT128_RAS2_ITLB4_DTLB4.bit.bin,NPB_20260214_073601.txt,unixbench_20260214_075346.txt
ariane_IC4k_4w_128L_DC4k_4w_128L_BTB16_BHT16384_RAS2_ITLB4_DTLB4.bit.bin,NPB_20260214_080834.txt,unixbench_20260214_082600.txt
ariane_IC4k_4w_128L_DC4k_4w_128L_BTB16_BHT16_RAS2_ITLB4_DTLB4.bit.bin,NPB_20260214_084041.txt,unixbench_20260214_085839.txt
ariane_IC4k_4w_128L_DC4k_4w_128L_BTB16_BHT2048_RAS2_ITLB4_DTLB4.bit.bin,NPB_20260214_091329.txt,unixbench_20260214_093101.txt
ariane_IC4k_4w_128L_DC4k_4w_128L_BTB16_BHT256_RAS2_ITLB4_DTLB4.bit.bin,NPB_20260214_094551.txt,unixbench_20260214_100323.txt
ariane_IC4k_4w_128L_DC4k_4w_128L_BTB16_BHT32_RAS2_ITLB4_DTLB4.bit.bin,NPB_20260214_101811.txt,unixbench_20260214_103552.txt
ariane_IC4k_4w_128L_DC4k_4w_128L_BTB16_BHT4096_RAS2_ITLB4_DTLB4.bit.bin,NPB_20260214_105038.txt,unixbench_20260214_110804.txt
ariane_IC4k_4w_128L_DC4k_4w_128L_BTB16_BHT512_RAS2_ITLB4_DTLB4.bit.bin,NPB_20260214_112254.txt,unixbench_20260214_114021.txt
ariane_IC4k_4w_128L_DC4k_4w_128L_BTB16_BHT64_RAS2_ITLB4_DTLB4.bit.bin,NPB_20260214_115505.txt,unixbench_20260214_121248.txt
ariane_IC4k_4w_128L_DC4k_4w_128L_BTB16_BHT8192_RAS2_ITLB4_DTLB4.bit.bin,NPB_20260214_122736.txt,unixbench_20260214_124509.txt
ariane_IC4k_4w_128L_DC4k_4w_128L_BTB2048_BHT16_RAS2_ITLB4_DTLB4.bit.bin,NPB_20260214_130002.txt,unixbench_20260214_131757.txt
ariane_IC4k_4w_128L_DC4k_4w_128L_BTB256_BHT16_RAS2_ITLB4_DTLB4.bit.bin,NPB_20260214_133251.txt,unixbench_20260214_135055.txt
ariane_IC4k_4w_128L_DC4k_4w_128L_BTB32768_BHT16_RAS2_ITLB4_DTLB4.bit.bin,NPB_20260214_140551.txt,unixbench_20260214_142348.txt
ariane_IC4k_4w_128L_DC4k_4w_128L_BTB32_BHT16_RAS2_ITLB4_DTLB4.bit.bin,NPB_20260214_143842.txt,unixbench_20260214_145650.txt
ariane_IC4k_4w_128L_DC4k_4w_128L_BTB4096_BHT16_RAS2_ITLB4_DTLB4.bit.bin,NPB_20260214_151147.txt,unixbench_20260214_152946.txt
ariane_IC4k_4w_128L_DC4k_4w_128L_BTB512_BHT16_RAS2_ITLB4_DTLB4.bit.bin,NPB_20260214_154441.txt,unixbench_20260214_160240.txt
ariane_IC4k_4w_128L_DC4k_4w_128L_BTB64_BHT16_RAS2_ITLB4_DTLB4.bit.bin,NPB_20260214_161735.txt,unixbench_20260214_163541.txt
ariane_IC4k_4w_128L_DC4k_4w_128L_BTB8192_BHT16_RAS2_ITLB4_DTLB4.bit.bin,NPB_20260214_165037.txt,unixbench_20260214_170838.txt
ariane_IC4k_4w_128L_DC4k_4w_128L_BTB8_BHT16_RAS2_ITLB4_DTLB4.bit.bin,NPB_20260214_172332.txt,unixbench_20260214_174133.txt
ariane_IC4k_4w_128L_DC64k_4w_128L_BTB16_BHT16_RAS2_ITLB4_DTLB4.bit.bin,BOOT_TIMEOUT,BOOT_TIMEOUT
ariane_IC4k_4w_128L_DC8k_4w_128L_BTB16_BHT16_RAS2_ITLB4_DTLB4.bit.bin,NPB_20260214_181652.txt,unixbench_20260214_183415.txt
ariane_IC4k_8w_128L_DC4k_8w_128L_BTB16_BHT16_RAS2_ITLB4_DTLB4.bit.bin,NPB_20260214_184855.txt,unixbench_20260214_190653.txt
ariane_IC64k_4w_128L_DC4k_4w_128L_BTB16_BHT16_RAS2_ITLB4_DTLB4.bit.bin,SHELL_FAIL,SHELL_FAIL
ariane_IC64k_4w_128L_DC64k_4w_128L_BTB16_BHT16_RAS2_ITLB4_DTLB4.bit.bin,BOOT_TIMEOUT,BOOT_TIMEOUT
ariane_IC8k_4w_128L_DC4k_4w_128L_BTB16_BHT16_RAS2_ITLB4_DTLB4.bit.bin,NPB_20260214_195915.txt,unixbench_20260214_201627.txt
ariane_IC8k_4w_128L_DC8k_4w_128L_BTB16_BHT16_RAS2_ITLB4_DTLB4.bit.bin,NPB_20260214_203059.txt,unixbench_20260214_204740.txt
ariane_IC16k_4w_128L_DC16k_4w_128L_BTB16_BHT16_RAS2_ITLB4_DTLB4.bit.bin,NPB_20260215_002547.txt,unixbench_20260215_004128.txt
ariane_IC16k_4w_128L_DC4k_4w_128L_BTB16_BHT16_RAS2_ITLB4_DTLB4.bit.bin,NPB_20260215_005540.txt,unixbench_20260215_011227.txt
ariane_IC2k_4w_128L_DC2k_4w_128L_BTB16_BHT16_RAS2_ITLB4_DTLB4.bit.bin,NPB_20260215_012733.txt,unixbench_20260215_014715.txt
ariane_IC2k_4w_128L_DC4k_4w_128L_BTB16_BHT16_RAS2_ITLB4_DTLB4.bit.bin,NPB_20260215_020235.txt,unixbench_20260215_022118.txt
ariane_IC4k_16w_128L_DC4k_16w_128L_BTB16_BHT16_RAS2_ITLB4_DTLB4.bit.bin,NPB_20260215_023614.txt,unixbench_20260215_025416.txt
ariane_IC4k_1w_128L_DC4k_1w_128L_BTB16_BHT16_RAS2_ITLB4_DTLB4.bit.bin,NPB_20260215_031034.txt,unixbench_20260215_033658.txt
ariane_IC4k_2w_128L_DC4k_2w_128L_BTB16_BHT16_RAS2_ITLB4_DTLB4.bit.bin,NPB_20260215_035309.txt,unixbench_20260215_041138.txt
ariane_IC4k_4w_128L_DC16k_4w_128L_BTB16_BHT16_RAS2_ITLB4_DTLB4.bit.bin,NPB_20260215_042641.txt,unixbench_20260215_044331.txt
ariane_IC4k_4w_128L_DC2k_4w_128L_BTB16_BHT16_RAS2_ITLB4_DTLB4.bit.bin,NPB_20260215_045817.txt,unixbench_20260215_051715.txt
ariane_IC4k_4w_128L_DC4k_4w_128L_BTB1024_BHT16_RAS2_ITLB4_DTLB4.bit.bin,NPB_20260215_053219.txt,unixbench_20260215_055020.txt
ariane_IC4k_4w_128L_DC4k_4w_128L_BTB128_BHT16_RAS2_ITLB4_DTLB4.bit.bin,NPB_20260215_060515.txt,unixbench_20260215_062310.txt
ariane_IC4k_4w_128L_DC4k_4w_128L_BTB16384_BHT16_RAS2_ITLB4_DTLB4.bit.bin,NPB_20260215_063805.txt,unixbench_20260215_065600.txt
ariane_IC4k_4w_128L_DC4k_4w_128L_BTB16_BHT1024_RAS2_ITLB4_DTLB4.bit.bin,NPB_20260215_071053.txt,unixbench_20260215_072823.txt
ariane_IC4k_4w_128L_DC4k_4w_128L_BTB16_BHT128_RAS2_ITLB4_DTLB4.bit.bin,NPB_20260215_074306.txt,unixbench_20260215_080050.txt
ariane_IC4k_4w_128L_DC4k_4w_128L_BTB16_BHT16384_RAS2_ITLB4_DTLB4.bit.bin,NPB_20260215_081545.txt,unixbench_20260215_083314.txt
ariane_IC4k_4w_128L_DC4k_4w_128L_BTB16_BHT16_RAS2_ITLB4_DTLB4.bit.bin,NPB_20260215_084756.txt,unixbench_20260215_090556.txt
ariane_IC4k_4w_128L_DC4k_4w_128L_BTB16_BHT2048_RAS2_ITLB4_DTLB4.bit.bin,NPB_20260215_092048.txt,unixbench_20260215_093822.txt
ariane_IC4k_4w_128L_DC4k_4w_128L_BTB16_BHT256_RAS2_ITLB4_DTLB4.bit.bin,NPB_20260215_095315.txt,unixbench_20260215_101051.txt
ariane_IC4k_4w_128L_DC4k_4w_128L_BTB16_BHT32_RAS2_ITLB4_DTLB4.bit.bin,NPB_20260215_102539.txt,unixbench_20260215_104329.txt
ariane_IC4k_4w_128L_DC4k_4w_128L_BTB16_BHT4096_RAS2_ITLB4_DTLB4.bit.bin,NPB_20260215_105826.txt,unixbench_20260215_111553.txt
ariane_IC4k_4w_128L_DC4k_4w_128L_BTB16_BHT512_RAS2_ITLB4_DTLB4.bit.bin,NPB_20260215_113040.txt,unixbench_20260215_114816.txt
ariane_IC4k_4w_128L_DC4k_4w_128L_BTB16_BHT64_RAS2_ITLB4_DTLB4.bit.bin,NPB_20260215_120312.txt,unixbench_20260215_122100.txt
ariane_IC4k_4w_128L_DC4k_4w_128L_BTB16_BHT8192_RAS2_ITLB4_DTLB4.bit.bin,NPB_20260215_123551.txt,unixbench_20260215_125313.txt
ariane_IC4k_4w_128L_DC4k_4w_128L_BTB2048_BHT16_RAS2_ITLB4_DTLB4.bit.bin,NPB_20260215_130754.txt,unixbench_20260215_132554.txt
ariane_IC4k_4w_128L_DC4k_4w_128L_BTB256_BHT16_RAS2_ITLB4_DTLB4.bit.bin,NPB_20260215_134054.txt,unixbench_20260215_135848.txt
ariane_IC4k_4w_128L_DC4k_4w_128L_BTB32768_BHT16_RAS2_ITLB4_DTLB4.bit.bin,NPB_20260215_141344.txt,unixbench_20260215_143142.txt
ariane_IC4k_4w_128L_DC4k_4w_128L_BTB32_BHT16_RAS2_ITLB4_DTLB4.bit.bin,NPB_20260215_144635.txt,unixbench_20260215_150432.txt
ariane_IC4k_4w_128L_DC4k_4w_128L_BTB4096_BHT16_RAS2_ITLB4_DTLB4.bit.bin,NPB_20260215_151928.txt,unixbench_20260215_153724.txt
ariane_IC4k_4w_128L_DC4k_4w_128L_BTB512_BHT16_RAS2_ITLB4_DTLB4.bit.bin,NPB_20260215_155226.txt,unixbench_20260215_161029.txt
ariane_IC4k_4w_128L_DC4k_4w_128L_BTB64_BHT16_RAS2_ITLB4_DTLB4.bit.bin,NPB_20260215_162523.txt,unixbench_20260215_164330.txt
ariane_IC4k_4w_128L_DC4k_4w_128L_BTB8192_BHT16_RAS2_ITLB4_DTLB4.bit.bin,NPB_20260215_165827.txt,unixbench_20260215_171622.txt
ariane_IC4k_4w_128L_DC4k_4w_128L_BTB8_BHT16_RAS2_ITLB4_DTLB4.bit.bin,NPB_20260215_173115.txt,unixbench_20260215_174911.txt
ariane_IC4k_4w_128L_DC8k_4w_128L_BTB16_BHT16_RAS2_ITLB4_DTLB4.bit.bin,NPB_20260215_180401.txt,unixbench_20260215_182130.txt
ariane_IC4k_8w_128L_DC4k_8w_128L_BTB16_BHT16_RAS2_ITLB4_DTLB4.bit.bin,NPB_20260215_183611.txt,unixbench_20260215_185408.txt
ariane_IC8k_4w_128L_DC4k_4w_128L_BTB16_BHT16_RAS2_ITLB4_DTLB4.bit.bin,NPB_20260215_190856.txt,unixbench_20260215_192607.txt
ariane_IC8k_4w_128L_DC8k_4w_128L_BTB16_BHT16_RAS2_ITLB4_DTLB4.bit.bin,NPB_20260215_194040.txt,unixbench_20260215_195721.txt
ariane_IC16k_4w_128L_DC16k_4w_128L_BTB16_BHT16_RAS2_ITLB4_DTLB4.bit.bin,NPB_20260216_221750.txt,unixbench_20260216_223332.txt
ariane_IC16k_4w_128L_DC4k_4w_128L_BTB16_BHT16_RAS2_ITLB4_DTLB4.bit.bin,NPB_20260216_224749.txt,unixbench_20260216_230428.txt
ariane_IC2k_4w_128L_DC2k_4w_128L_BTB16_BHT16_RAS2_ITLB4_DTLB4.bit.bin,NPB_20260216_231926.txt,unixbench_20260216_233903.txt
ariane_IC2k_4w_128L_DC4k_4w_128L_BTB16_BHT16_RAS2_ITLB4_DTLB4.bit.bin,NPB_20260216_235420.txt,unixbench_20260217_001304.txt
ariane_IC4k_16w_128L_DC4k_16w_128L_BTB16_BHT16_RAS2_ITLB4_DTLB4.bit.bin,NPB_20260217_002757.txt,unixbench_20260217_004558.txt
ariane_IC4k_1w_128L_DC4k_1w_128L_BTB16_BHT16_RAS2_ITLB4_DTLB4.bit.bin,NPB_20260217_010216.txt,unixbench_20260217_012842.txt
ariane_IC4k_2w_128L_DC4k_2w_128L_BTB16_BHT16_RAS2_ITLB4_DTLB4.bit.bin,NPB_20260217_014453.txt,unixbench_20260217_020305.txt
ariane_IC4k_4w_128L_DC16k_4w_128L_BTB16_BHT16_RAS2_ITLB4_DTLB4.bit.bin,NPB_20260217_021802.txt,unixbench_20260217_023445.txt
ariane_IC4k_4w_128L_DC2k_4w_128L_BTB16_BHT16_RAS2_ITLB4_DTLB4.bit.bin,NPB_20260217_024933.txt,unixbench_20260217_030823.txt
ariane_IC4k_4w_128L_DC4k_4w_128L_BTB1024_BHT16_RAS2_ITLB4_DTLB4.bit.bin,NPB_20260217_032326.txt,unixbench_20260217_034129.txt
ariane_IC4k_4w_128L_DC4k_4w_128L_BTB128_BHT16_RAS2_ITLB4_DTLB4.bit.bin,NPB_20260217_035630.txt,unixbench_20260217_041433.txt
ariane_IC4k_4w_128L_DC4k_4w_128L_BTB16384_BHT16_RAS2_ITLB4_DTLB4.bit.bin,NPB_20260217_042929.txt,unixbench_20260217_044722.txt
ariane_IC4k_4w_128L_DC4k_4w_128L_BTB16_BHT1024_RAS2_ITLB4_DTLB4.bit.bin,NPB_20260217_050214.txt,unixbench_20260217_051944.txt
ariane_IC4k_4w_128L_DC4k_4w_128L_BTB16_BHT128_RAS2_ITLB4_DTLB4.bit.bin,NPB_20260217_053426.txt,unixbench_20260217_055204.txt
ariane_IC4k_4w_128L_DC4k_4w_128L_BTB16_BHT16384_RAS2_ITLB4_DTLB4.bit.bin,NPB_20260217_060653.txt,unixbench_20260217_062421.txt
ariane_IC4k_4w_128L_DC4k_4w_128L_BTB16_BHT16_RAS2_ITLB4_DTLB4.bit.bin,NPB_20260217_063913.txt,unixbench_20260217_065717.txt
ariane_IC4k_4w_128L_DC4k_4w_128L_BTB16_BHT2048_RAS2_ITLB4_DTLB4.bit.bin,NPB_20260217_071215.txt,unixbench_20260217_072938.txt
ariane_IC4k_4w_128L_DC4k_4w_128L_BTB16_BHT256_RAS2_ITLB4_DTLB4.bit.bin,NPB_20260217_074418.txt,unixbench_20260217_080144.txt
ariane_IC4k_4w_128L_DC4k_4w_128L_BTB16_BHT32_RAS2_ITLB4_DTLB4.bit.bin,NPB_20260217_081641.txt,unixbench_20260217_083425.txt
ariane_IC4k_4w_128L_DC4k_4w_128L_BTB16_BHT4096_RAS2_ITLB4_DTLB4.bit.bin,NPB_20260217_084913.txt,unixbench_20260217_090643.txt
ariane_IC4k_4w_128L_DC4k_4w_128L_BTB16_BHT512_RAS2_ITLB4_DTLB4.bit.bin,NPB_20260217_092121.txt,unixbench_20260217_093856.txt
ariane_IC4k_4w_128L_DC4k_4w_128L_BTB16_BHT64_RAS2_ITLB4_DTLB4.bit.bin,NPB_20260217_095342.txt,unixbench_20260217_101131.txt
ariane_IC4k_4w_128L_DC4k_4w_128L_BTB16_BHT8192_RAS2_ITLB4_DTLB4.bit.bin,NPB_20260217_102619.txt,unixbench_20260217_104348.txt
ariane_IC4k_4w_128L_DC4k_4w_128L_BTB2048_BHT16_RAS2_ITLB4_DTLB4.bit.bin,NPB_20260217_105829.txt,unixbench_20260217_111631.txt
ariane_IC4k_4w_128L_DC4k_4w_128L_BTB256_BHT16_RAS2_ITLB4_DTLB4.bit.bin,NPB_20260217_113126.txt,unixbench_20260217_114926.txt
ariane_IC4k_4w_128L_DC4k_4w_128L_BTB32768_BHT16_RAS2_ITLB4_DTLB4.bit.bin,NPB_20260217_120421.txt,unixbench_20260217_122221.txt
ariane_IC4k_4w_128L_DC4k_4w_128L_BTB32_BHT16_RAS2_ITLB4_DTLB4.bit.bin,NPB_20260217_123714.txt,unixbench_20260217_125512.txt
ariane_IC4k_4w_128L_DC4k_4w_128L_BTB4096_BHT16_RAS2_ITLB4_DTLB4.bit.bin,NPB_20260217_131008.txt,unixbench_20260217_132810.txt
ariane_IC4k_4w_128L_DC4k_4w_128L_BTB512_BHT16_RAS2_ITLB4_DTLB4.bit.bin,NPB_20260217_134307.txt,unixbench_20260217_140110.txt
ariane_IC4k_4w_128L_DC4k_4w_128L_BTB64_BHT16_RAS2_ITLB4_DTLB4.bit.bin,NPB_20260217_141606.txt,unixbench_20260217_143409.txt
ariane_IC4k_4w_128L_DC4k_4w_128L_BTB8192_BHT16_RAS2_ITLB4_DTLB4.bit.bin,NPB_20260217_144906.txt,unixbench_20260217_150703.txt
ariane_IC4k_4w_128L_DC4k_4w_128L_BTB8_BHT16_RAS2_ITLB4_DTLB4.bit.bin,NPB_20260217_152156.txt,unixbench_20260217_153953.txt
ariane_IC4k_4w_128L_DC8k_4w_128L_BTB16_BHT16_RAS2_ITLB4_DTLB4.bit.bin,NPB_20260217_155443.txt,unixbench_20260217_161204.txt
ariane_IC4k_8w_128L_DC4k_8w_128L_BTB16_BHT16_RAS2_ITLB4_DTLB4.bit.bin,NPB_20260217_162644.txt,unixbench_20260217_164445.txt
ariane_IC8k_4w_128L_DC4k_4w_128L_BTB16_BHT16_RAS2_ITLB4_DTLB4.bit.bin,NPB_20260217_165941.txt,unixbench_20260217_171659.txt
ariane_IC8k_4w_128L_DC8k_4w_128L_BTB16_BHT16_RAS2_ITLB4_DTLB4.bit.bin,NPB_20260217_173131.txt,unixbench_20260217_174816.txt
ariane_IC16k_4w_128L_DC16k_4w_128L_BTB16_BHT16_RAS2_ITLB4_DTLB4.bit.bin,NPB_20260217_180716.txt,unixbench_20260217_182254.txt
ariane_IC16k_4w_128L_DC4k_4w_128L_BTB16_BHT16_RAS2_ITLB4_DTLB4.bit.bin,NPB_20260217_183707.txt,unixbench_20260217_185349.txt
ariane_IC2k_4w_128L_DC2k_4w_128L_BTB16_BHT16_RAS2_ITLB4_DTLB4.bit.bin,NPB_20260217_190845.txt,unixbench_20260217_192821.txt
ariane_IC2k_4w_128L_DC4k_4w_128L_BTB16_BHT16_RAS2_ITLB4_DTLB4.bit.bin,NPB_20260217_194330.txt,unixbench_20260217_200217.txt
ariane_IC4k_16w_128L_DC4k_16w_128L_BTB16_BHT16_RAS2_ITLB4_DTLB4.bit.bin,NPB_20260217_201714.txt,unixbench_20260217_203513.txt
ariane_IC4k_1w_128L_DC4k_1w_128L_BTB16_BHT16_RAS2_ITLB4_DTLB4.bit.bin,NPB_20260217_205127.txt,unixbench_20260217_211750.txt
ariane_IC4k_2w_128L_DC4k_2w_128L_BTB16_BHT16_RAS2_ITLB4_DTLB4.bit.bin,NPB_20260217_213356.txt,unixbench_20260217_215208.txt
ariane_IC4k_4w_128L_DC16k_4w_128L_BTB16_BHT16_RAS2_ITLB4_DTLB4.bit.bin,NPB_20260217_220706.txt,unixbench_20260217_222355.txt
ariane_IC4k_4w_128L_DC2k_4w_128L_BTB16_BHT16_RAS2_ITLB4_DTLB4.bit.bin,NPB_20260217_223848.txt,unixbench_20260217_225743.txt
ariane_IC4k_4w_128L_DC4k_4w_128L_BTB1024_BHT16_RAS2_ITLB4_DTLB4.bit.bin,NPB_20260217_231247.txt,unixbench_20260217_233044.txt
ariane_IC4k_4w_128L_DC4k_4w_128L_BTB128_BHT16_RAS2_ITLB4_DTLB4.bit.bin,NPB_20260217_234538.txt,unixbench_20260218_000338.txt
ariane_IC4k_4w_128L_DC4k_4w_128L_BTB16384_BHT16_RAS2_ITLB4_DTLB4.bit.bin,NPB_20260218_001833.txt,unixbench_20260218_003629.txt
ariane_IC4k_4w_128L_DC4k_4w_128L_BTB16_BHT1024_RAS2_ITLB4_DTLB4.bit.bin,NPB_20260218_005119.txt,unixbench_20260218_010846.txt
ariane_IC4k_4w_128L_DC4k_4w_128L_BTB16_BHT128_RAS2_ITLB4_DTLB4.bit.bin,NPB_20260218_012330.txt,unixbench_20260218_014113.txt
ariane_IC4k_4w_128L_DC4k_4w_128L_BTB16_BHT16384_RAS2_ITLB4_DTLB4.bit.bin,NPB_20260218_015608.txt,unixbench_20260218_021338.txt
ariane_IC4k_4w_128L_DC4k_4w_128L_BTB16_BHT16_RAS2_ITLB4_DTLB4.bit.bin,NPB_20260218_022820.txt,unixbench_20260218_024616.txt
ariane_IC4k_4w_128L_DC4k_4w_128L_BTB16_BHT2048_RAS2_ITLB4_DTLB4.bit.bin,NPB_20260218_030108.txt,unixbench_20260218_031834.txt
ariane_IC4k_4w_128L_DC4k_4w_128L_BTB16_BHT256_RAS2_ITLB4_DTLB4.bit.bin,NPB_20260218_033315.txt,unixbench_20260218_035051.txt
ariane_IC4k_4w_128L_DC4k_4w_128L_BTB16_BHT32_RAS2_ITLB4_DTLB4.bit.bin,NPB_20260218_040539.txt,unixbench_20260218_042323.txt
ariane_IC4k_4w_128L_DC4k_4w_128L_BTB16_BHT4096_RAS2_ITLB4_DTLB4.bit.bin,NPB_20260218_043812.txt,unixbench_20260218_045540.txt
ariane_IC4k_4w_128L_DC4k_4w_128L_BTB16_BHT512_RAS2_ITLB4_DTLB4.bit.bin,NPB_20260218_051029.txt,unixbench_20260218_052804.txt
ariane_IC4k_4w_128L_DC4k_4w_128L_BTB16_BHT64_RAS2_ITLB4_DTLB4.bit.bin,NPB_20260218_054257.txt,unixbench_20260218_060049.txt
ariane_IC4k_4w_128L_DC4k_4w_128L_BTB16_BHT8192_RAS2_ITLB4_DTLB4.bit.bin,NPB_20260218_061539.txt,unixbench_20260218_063305.txt
ariane_IC4k_4w_128L_DC4k_4w_128L_BTB2048_BHT16_RAS2_ITLB4_DTLB4.bit.bin,NPB_20260218_064745.txt,unixbench_20260218_070546.txt
ariane_IC4k_4w_128L_DC4k_4w_128L_BTB256_BHT16_RAS2_ITLB4_DTLB4.bit.bin,NPB_20260218_072040.txt,unixbench_20260218_073840.txt
ariane_IC4k_4w_128L_DC4k_4w_128L_BTB32768_BHT16_RAS2_ITLB4_DTLB4.bit.bin,NPB_20260218_075342.txt,unixbench_20260218_081142.txt
ariane_IC4k_4w_128L_DC4k_4w_128L_BTB32_BHT16_RAS2_ITLB4_DTLB4.bit.bin,NPB_20260218_082636.txt,unixbench_20260218_084441.txt
ariane_IC4k_4w_128L_DC4k_4w_128L_BTB4096_BHT16_RAS2_ITLB4_DTLB4.bit.bin,NPB_20260218_085938.txt,unixbench_20260218_091739.txt
ariane_IC4k_4w_128L_DC4k_4w_128L_BTB512_BHT16_RAS2_ITLB4_DTLB4.bit.bin,NPB_20260218_093233.txt,unixbench_20260218_095036.txt
ariane_IC4k_4w_128L_DC4k_4w_128L_BTB64_BHT16_RAS2_ITLB4_DTLB4.bit.bin,NPB_20260218_100532.txt,unixbench_20260218_102329.txt
ariane_IC4k_4w_128L_DC4k_4w_128L_BTB8192_BHT16_RAS2_ITLB4_DTLB4.bit.bin,NPB_20260218_103824.txt,unixbench_20260218_105622.txt
ariane_IC4k_4w_128L_DC4k_4w_128L_BTB8_BHT16_RAS2_ITLB4_DTLB4.bit.bin,NPB_20260218_111117.txt,unixbench_20260218_112908.txt
ariane_IC4k_4w_128L_DC8k_4w_128L_BTB16_BHT16_RAS2_ITLB4_DTLB4.bit.bin,NPB_20260218_114357.txt,unixbench_20260218_120121.txt
ariane_IC4k_8w_128L_DC4k_8w_128L_BTB16_BHT16_RAS2_ITLB4_DTLB4.bit.bin,NPB_20260218_121602.txt,unixbench_20260218_123356.txt
ariane_IC8k_4w_128L_DC4k_4w_128L_BTB16_BHT16_RAS2_ITLB4_DTLB4.bit.bin,NPB_20260218_124843.txt,unixbench_20260218_130556.txt
ariane_IC8k_4w_128L_DC8k_4w_128L_BTB16_BHT16_RAS2_ITLB4_DTLB4.bit.bin,NPB_20260218_132027.txt,unixbench_20260218_133711.txt
